아이디,비밀번호,성별,역할,생일,생성날짜
pklf0845,175390,FEMALE,USER,1999-05-22,2023-01-01T10:15:32
japr8131,075996,MALE,USER,2007-04-04,2023-01-01T23:15:03
kpzv4279,060716,FEMALE,USER,1995-12-29,2023-01-03T04:20:18
boje3926,630670,FEMALE,USER,2000-07-04,2023-01-03T17:04:23
yuls8015,110845,FEMALE,USER,2008-11-22,2023-01-04T12:36:59
uwlk7199,704982,MALE,USER,1990-09-02,2023-01-04T15:48:57
lzzq9322,597518,FEMALE,USER,1997-12-15,2023-01-06T19:22:41
hyov8570,630025,MALE,USER,2006-11-22,2023-01-07T01:05:11
orga5220,443622,FEMALE,USER,1987-04-16,2023-01-07T00:11:53
zruh2008,573425,FEMALE,USER,1999-04-19,2023-01-09T06:17:07
hghv0774,338918,FEMALE,USER,2008-03-15,2023-01-10T14:25:46
wbcp4294,361969,MALE,USER,1979-01-15,2023-01-11T18:37:58
kncg7877,227993,FEMALE,USER,1968-07-26,2023-01-12T02:44:09
nxrf1652,821975,OTHER,USER,2007-10-30,2023-01-12T21:13:47
uaaa0676,735090,FEMALE,USER,1986-05-23,2023-01-12T11:52:12
nzhd1631,355170,MALE,USER,2011-05-01,2023-01-14T09:33:34
wkjs6606,132703,FEMALE,USER,1977-11-08,2023-01-18T08:39:54
gcyd0928,364606,MALE,USER,2010-03-31,2023-01-18T16:47:03
msas0603,327134,FEMALE,USER,1995-12-17,2023-01-19T03:53:11
bbsw9210,301986,FEMALE,USER,1985-03-30,2023-01-19T12:55:29
psus6517,558002,FEMALE,USER,2001-05-21,2023-01-21T15:28:50
xjep5368,696469,FEMALE,USER,2000-12-27,2023-01-22T07:19:34
zjgv1614,823878,MALE,USER,1994-09-06,2023-01-23T18:04:56
lhbm2947,597811,FEMALE,USER,1997-11-26,2023-01-24T04:22:48
hlxn1750,184762,MALE,USER,1994-01-18,2023-01-24T11:50:17
cmij9953,905518,FEMALE,USER,2012-06-20,2023-01-25T02:36:29
dcde2595,097862,OTHER,USER,2012-07-06,2023-01-26T05:12:01
zoaw7882,725152,FEMALE,USER,1977-09-01,2023-01-26T13:37:54
gwfr7943,245681,FEMALE,USER,1996-03-08,2023-01-27T08:03:15
lrln7946,272562,MALE,USER,1989-02-13,2023-01-28T21:29:03
cmtl1836,753943,FEMALE,USER,2008-11-02,2023-01-29T16:18:45
otyj6490,990224,FEMALE,USER,1995-11-29,2023-01-31T12:22:41
eqcq1118,099114,FEMALE,USER,1994-11-08,2023-02-01T03:12:45
lznt4425,436142,MALE,USER,1966-07-17,2023-02-01T10:20:15
rizf3118,390792,FEMALE,USER,1974-06-23,2023-02-03T08:23:21
fcft2231,137528,FEMALE,USER,2011-05-19,2023-02-04T12:45:33
irks7606,547813,FEMALE,USER,1994-04-06,2023-02-05T12:15:32
wryc8546,688179,MALE,USER,2008-02-23,2023-02-07T18:30:11
grwm7726,695888,FEMALE,USER,1998-05-03,2023-02-08T16:42:03
fwse4552,988271,FEMALE,USER,1999-03-28,2023-02-08T20:05:01
jnbk0432,825881,MALE,USER,1998-04-22,2023-02-10T14:05:54
gktz4339,769238,FEMALE,USER,2010-01-11,2023-02-11T09:37:10
sbls5362,894268,FEMALE,USER,1995-05-31,2023-02-12T09:18:44
ztyo5367,578131,MALE,USER,1992-09-13,2023-02-13T05:02:11
ajeg8897,129200,FEMALE,USER,1996-12-15,2023-02-14T07:02:19
wquw3004,664245,FEMALE,USER,1985-10-30,2023-02-14T13:12:50
ujvc8615,947987,MALE,USER,2002-06-20,2023-02-16T19:35:47
yiju8658,169755,FEMALE,USER,2001-02-08,2023-02-17T11:29:09
cxxt4902,937146,FEMALE,USER,2000-09-17,2023-02-19T02:58:53
vyhb0342,109312,FEMALE,USER,2002-10-03,2023-02-21T13:19:10
gzbz8096,148484,MALE,USER,1991-07-08,2023-02-22T13:47:56
unuy1812,509390,FEMALE,USER,1995-07-25,2023-02-28T15:00:11
qdrt9483,424783,FEMALE,USER,1990-08-08,2023-03-01T05:15:47
cnmj2988,496272,FEMALE,USER,1996-06-27,2023-03-01T12:34:10
ngyn5490,664591,MALE,USER,1996-04-12,2023-03-01T18:47:22
wbxy7219,113261,FEMALE,USER,2006-01-23,2023-03-01T20:59:31
xzvc7212,602666,FEMALE,USER,2012-05-18,2023-03-02T08:23:50
vlgt1251,720874,FEMALE,USER,1994-10-14,2023-03-03T07:42:12
rgfj2823,553988,MALE,USER,1995-03-25,2023-03-04T14:21:30
slew6063,637169,FEMALE,USER,1991-03-23,2023-03-05T16:35:08
sbil0429,139821,FEMALE,USER,1996-05-16,2023-03-05T18:12:50
hvxa6925,072892,MALE,USER,1998-03-18,2023-03-08T19:10:30
gtcm7372,416988,FEMALE,USER,1989-07-17,2023-03-08T22:03:44
zhdb0566,493316,FEMALE,USER,1997-12-03,2023-03-09T09:02:50
jbii0259,110388,MALE,USER,2012-04-09,2023-03-10T06:30:12
bzek5902,842656,FEMALE,USER,1997-04-27,2023-03-11T13:21:11
znfx6607,615581,FEMALE,USER,2004-09-28,2023-03-12T16:47:59
bqyx4974,100878,MALE,USER,2011-08-19,2023-03-13T18:58:20
oopy0242,446188,FEMALE,USER,1994-06-14,2023-03-14T08:15:33
ymzx4922,448521,FEMALE,USER,1997-06-10,2023-03-14T14:02:18
dyvj3154,445427,MALE,USER,1964-06-26,2023-03-14T18:58:20
dlwg8808,891814,FEMALE,USER,1998-02-21,2023-03-15T17:02:27
rxbh4927,172063,FEMALE,USER,2001-10-03,2023-03-16T20:30:50
ghkz6218,391494,MALE,USER,2009-08-01,2023-03-17T14:14:09
dwyn8961,254303,FEMALE,USER,2010-04-10,2023-03-18T08:30:14
ihwc3879,791506,FEMALE,USER,2000-08-16,2023-03-19T07:11:47
lkqt2464,443087,OTHER,USER,2002-12-18,2023-03-20T13:50:33
rlbx0163,934517,FEMALE,USER,2008-03-25,2023-03-21T09:42:09
islw8886,487171,FEMALE,USER,1999-09-23,2023-03-22T02:12:58
kwrk0520,999252,MALE,USER,1985-07-17,2023-03-23T10:09:45
ohcx7364,142230,FEMALE,USER,2000-01-09,2023-03-23T16:45:11
kshi7043,395223,FEMALE,USER,2002-06-21,2023-03-24T04:12:33
hjpi3588,170242,OTHER,USER,2007-05-05,2023-03-25T11:36:27
ilis1394,652791,FEMALE,USER,2012-05-11,2023-03-26T13:11:56
knoq0430,187615,FEMALE,USER,1984-04-08,2023-03-27T12:22:42
addk0870,553562,MALE,USER,1997-08-17,2023-03-28T17:47:18
yfkx5077,712718,FEMALE,USER,1988-12-07,2023-03-30T05:45:52
putx3303,825102,FEMALE,USER,2000-09-24,2023-03-30T23:00:27
txxn2511,765583,MALE,USER,2005-03-28,2023-03-31T17:22:10
ijij2182,042346,FEMALE,USER,2011-04-05,2023-03-31T21:44:15
rulx0761,778836,FEMALE,USER,2004-02-13,2023-03-31T02:00:05
cbwu3253,186851,MALE,USER,2008-10-27,2023-04-01T03:15:47
bexk5896,160015,FEMALE,USER,1997-05-04,2023-04-01T10:30:12
mibn3604,111922,FEMALE,USER,1994-08-21,2023-04-01T16:42:33
uxzn6449,120618,MALE,USER,2008-04-23,2023-04-02T08:25:30
avxb1435,048825,FEMALE,USER,1997-08-09,2023-04-02T18:03:05
tgut9740,473668,FEMALE,USER,1996-01-24,2023-04-03T07:35:50
yqcl6843,768070,MALE,USER,1966-06-12,2023-04-04T09:21:12
dgra9124,073184,FEMALE,USER,2011-01-14,2023-04-04T13:18:42
ghdv0698,182095,FEMALE,USER,1995-03-27,2023-04-04T17:02:09
wffl5676,996270,MALE,USER,1994-08-16,2023-04-05T05:40:59
belf1028,045098,FEMALE,USER,1984-07-09,2023-04-06T16:22:47
kgzj2441,616475,FEMALE,USER,2012-12-06,2023-04-07T13:52:11
hvfy3875,912578,MALE,USER,2002-02-21,2023-04-08T09:32:22
onry9233,651888,FEMALE,USER,1997-08-30,2023-04-08T14:25:09
bxyj7076,792456,FEMALE,USER,2010-08-05,2023-04-08T19:36:43
guqf7426,237516,FEMALE,USER,1997-08-21,2023-04-09T06:31:52
bgcg6522,513226,FEMALE,USER,2002-03-18,2023-04-09T11:58:22
kudu3836,193987,FEMALE,USER,1995-04-05,2023-04-10T07:45:17
dwjz9254,017769,MALE,USER,2007-08-05,2023-04-11T12:30:10
vxst4873,815974,FEMALE,USER,2009-02-27,2023-04-12T04:20:38
sozq6507,160986,FEMALE,USER,1979-07-28,2023-04-12T22:11:05
lfjg2982,668865,MALE,USER,2009-08-19,2023-04-13T09:59:31
gwpa0225,231863,FEMALE,USER,2010-03-13,2023-04-14T15:07:19
itnz1600,458327,FEMALE,USER,1992-10-25,2023-04-14T18:35:50
umgi0809,315324,FEMALE,USER,1997-08-31,2023-04-15T08:12:44
lbag4431,361354,MALE,USER,1987-09-27,2023-04-16T10:51:27
zlru2336,848385,FEMALE,USER,2004-08-19,2023-04-16T14:37:33
sqnn4972,237799,FEMALE,USER,1988-08-29,2023-04-16T19:03:40
sevk1081,021693,FEMALE,USER,1996-05-08,2023-04-16T22:40:18
xlsa9758,176016,MALE,USER,1991-07-20,2023-04-17T06:24:51
sccu3396,061346,FEMALE,USER,1997-02-11,2023-04-18T08:09:10
nivg5319,490800,FEMALE,USER,2002-04-10,2023-04-19T15:31:22
lcsd1725,133312,MALE,USER,1990-09-05,2023-04-20T03:42:13
feyh6799,351972,FEMALE,USER,2007-06-26,2023-04-21T11:25:06
nlxx2461,257728,FEMALE,USER,1994-05-29,2023-04-21T18:15:01
vrun0698,286583,MALE,USER,2007-10-28,2023-04-22T07:11:47
qpil7591,973977,OTHER,USER,2002-08-19,2023-04-23T06:55:14
nuvb3633,453517,MALE,USER,2012-02-02,2023-04-23T12:54:30
gywn4747,739626,FEMALE,USER,1999-03-02,2023-04-23T17:40:52
kbnk3161,381133,FEMALE,USER,2012-05-17,2023-04-24T02:10:22
ljnn0466,797707,FEMALE,USER,2007-01-07,2023-04-25T14:37:40
sbce2278,035927,FEMALE,USER,2010-03-24,2023-04-26T16:22:30
fgoy1342,444128,FEMALE,USER,2002-01-31,2023-04-26T19:51:14
afhr2163,450163,FEMALE,USER,1995-07-09,2023-04-27T06:43:56
nrog8599,174176,FEMALE,USER,2009-12-04,2023-04-28T12:23:12
ruyn4642,154624,MALE,USER,2010-02-24,2023-04-28T18:30:01
rijy4526,572014,FEMALE,USER,2006-06-20,2023-04-29T05:55:44
tnzk1544,225513,FEMALE,USER,2002-10-01,2023-04-29T13:35:20
zzjh3474,119730,MALE,USER,2011-02-22,2023-04-30T09:05:19
sbmm7876,287267,FEMALE,USER,1995-02-04,2023-04-30T16:12:33
kjuw1774,103863,FEMALE,USER,2002-01-16,2023-04-30T20:58:55
gxon2563,016527,FEMALE,USER,1995-03-04,2023-05-01T03:15:47
losa6605,144674,FEMALE,USER,1996-06-27,2023-05-01T10:30:12
mgdd1926,455456,MALE,USER,2011-08-19,2023-05-01T16:42:33
nruo2007,083986,OTHER,USER,1998-08-14,2023-05-02T08:25:30
sdop4176,077642,FEMALE,USER,1999-03-05,2023-05-02T18:03:05
itby0749,761314,FEMALE,USER,2002-10-05,2023-05-03T07:35:50
neoz2373,741659,FEMALE,USER,1984-03-17,2023-05-03T13:05:22
hjtb6507,285286,FEMALE,USER,2010-04-18,2023-05-04T09:21:12
gzar5310,131727,FEMALE,USER,2008-04-27,2023-05-04T13:18:42
mgeo0096,729210,MALE,USER,2002-04-05,2023-05-04T17:02:09
zfcn0541,243569,FEMALE,USER,1990-05-07,2023-05-05T05:40:59
vxbj6295,709550,FEMALE,USER,1999-07-05,2023-05-06T16:22:47
tisu9681,477659,MALE,USER,1998-11-01,2023-05-06T19:15:33
jhlt5981,811705,FEMALE,USER,1985-11-22,2023-05-07T13:52:11
ibbi6083,654035,FEMALE,USER,1987-01-06,2023-05-08T14:25:09
lslo0003,620455,MALE,USER,2001-01-08,2023-05-09T06:31:52
dleo0485,041486,FEMALE,USER,2004-07-11,2023-05-09T11:58:22
ipji0959,573226,FEMALE,USER,2002-02-04,2023-05-10T07:45:17
ynjo3909,837851,FEMALE,USER,1994-04-08,2023-05-11T12:30:10
kulj3043,423805,MALE,USER,2002-03-21,2023-05-12T04:20:38
tsgy6709,780270,OTHER,USER,2007-07-09,2023-05-12T22:11:05
vsex5572,651587,FEMALE,USER,2001-06-08,2023-05-13T09:59:31
rxxk4712,895982,MALE,USER,1987-06-10,2023-05-14T15:07:19
dnjm5194,980977,FEMALE,USER,1999-03-16,2023-05-15T08:12:44
ybey0455,511985,FEMALE,USER,2005-08-15,2023-05-16T10:51:27
jbpk9729,449161,MALE,USER,1990-02-23,2023-05-17T14:37:33
sdba5611,921508,FEMALE,USER,2000-02-23,2023-05-18T06:24:51
usfv7216,701277,FEMALE,USER,1966-11-23,2023-05-19T08:09:10
phyk0453,471804,FEMALE,USER,1996-12-05,2023-05-19T15:31:22
cttc6420,770560,FEMALE,USER,1985-03-11,2023-05-20T03:42:13
tlub6802,730353,MALE,USER,1994-06-28,2023-05-21T11:25:06
irqw2527,982353,FEMALE,USER,1974-10-19,2023-05-22T07:11:47
zkns8231,847585,FEMALE,USER,1990-03-14,2023-05-23T12:54:30
lowf0413,373476,FEMALE,USER,2000-01-02,2023-05-24T02:10:22
ptdv6307,466230,FEMALE,USER,1996-02-28,2023-05-25T14:37:40
tvfq5609,467765,MALE,USER,1998-09-04,2023-05-26T16:22:30
gcsa2043,763349,FEMALE,USER,2012-01-19,2023-05-27T06:43:56
ugtz8976,598938,FEMALE,USER,2001-09-27,2023-05-28T12:23:12
ighi5253,950659,MALE,USER,2008-03-02,2023-05-28T18:30:01
tnrz5767,924374,FEMALE,USER,1995-03-15,2023-05-29T05:55:44
palr0357,217617,MALE,USER,1986-04-23,2023-05-30T09:05:19
rvkd7650,697908,FEMALE,USER,2001-05-01,2023-05-30T16:12:33
iipg4728,211189,FEMALE,USER,1994-05-12,2023-05-31T20:58:55
mjfu3552,359441,FEMALE,USER,2006-03-14,2023-05-31T17:22:10
jlus8640,853819,MALE,USER,1986-06-25,2023-05-31T22:40:20
xowe1955,020745,FEMALE,USER,1991-12-09,2023-06-01T03:15:47
gkqv4219,381787,FEMALE,USER,1986-12-14,2023-06-01T10:30:12
jpgk7531,686335,FEMALE,USER,2012-07-04,2023-06-01T16:42:33
bmdk4778,631150,MALE,USER,2004-06-08,2023-06-02T08:25:30
oehd8892,150735,FEMALE,USER,1997-01-10,2023-06-02T18:03:05
vlsj4368,556709,MALE,USER,1979-02-22,2023-06-03T07:35:50
joie6557,923323,FEMALE,USER,1980-09-28,2023-06-03T13:05:22
yfww8503,698076,MALE,USER,1994-03-14,2023-06-04T09:21:12
swzo4540,749171,FEMALE,USER,1986-12-27,2023-06-04T13:18:42
ccfi2380,986189,FEMALE,USER,1999-02-02,2023-06-05T05:40:59
yksj6489,296615,FEMALE,USER,2004-12-15,2023-06-06T16:22:47
lqyr5684,887471,FEMALE,USER,2006-12-17,2023-06-06T19:15:33
tfqu3662,628874,FEMALE,USER,1994-02-11,2023-06-07T13:52:11
bspx5820,565765,MALE,USER,1990-04-07,2023-06-08T14:25:09
vclx1289,768462,FEMALE,USER,1996-03-15,2023-06-09T06:31:52
crgk8541,949210,FEMALE,USER,2001-01-09,2023-06-09T11:58:22
npda2562,992496,MALE,USER,1982-01-04,2023-06-10T07:45:17
gglq1562,323526,FEMALE,USER,1986-06-21,2023-06-11T12:30:10
uybq2356,964777,MALE,USER,2007-08-21,2023-06-12T04:20:38
zkir0285,777491,FEMALE,USER,1997-10-31,2023-06-13T22:11:05
bsnt4016,367181,MALE,USER,2010-12-29,2023-06-14T09:59:31
ahss5117,965593,FEMALE,USER,1998-07-14,2023-06-14T15:07:19
ggxh6664,232013,FEMALE,USER,2006-01-04,2023-06-15T08:12:44
uodl7479,443691,FEMALE,USER,1967-02-16,2023-06-16T10:51:27
eljx2913,269401,FEMALE,USER,2001-01-09,2023-06-17T14:37:33
wnda5117,741373,MALE,USER,1967-07-22,2023-06-18T06:24:51
wcja5425,689845,FEMALE,USER,1994-10-07,2023-06-19T08:09:10
tryy0417,878851,FEMALE,USER,1992-08-08,2023-06-19T15:31:22
fumw1914,485688,FEMALE,USER,2007-06-28,2023-06-20T03:42:13
sdai6297,415707,MALE,USER,1996-05-21,2023-06-21T11:25:06
qiiu2203,393228,FEMALE,USER,2002-09-15,2023-06-22T07:11:47
acic6040,991798,MALE,USER,2009-04-24,2023-06-23T12:54:30
dqly6258,380166,FEMALE,USER,2002-08-05,2023-06-24T02:10:22
msjn9849,990653,FEMALE,USER,1994-08-24,2023-06-25T14:37:40
smbe0830,526614,FEMALE,USER,1994-07-11,2023-07-01T03:15:47
glon2667,366152,MALE,USER,2012-07-03,2023-07-01T10:30:12
luph4003,271230,FEMALE,USER,1997-02-25,2023-07-02T08:25:30
lwkn7731,748823,FEMALE,USER,1994-04-27,2023-07-02T18:03:05
fack0995,780814,FEMALE,USER,1995-07-19,2023-07-03T07:35:50
mesv0349,904387,MALE,USER,1986-01-26,2023-07-04T09:21:12
kdto8613,473234,FEMALE,USER,2011-09-13,2023-07-04T13:18:42
upaz0119,288836,MALE,USER,2007-08-14,2023-07-05T05:40:59
mshe6401,135347,FEMALE,USER,2006-12-22,2023-07-06T16:22:47
kspe6162,008373,FEMALE,USER,2000-03-15,2023-07-06T19:15:33
cvht0398,516012,FEMALE,USER,1995-07-27,2023-07-07T13:52:11
irmm2101,705717,FEMALE,USER,1997-11-18,2023-07-08T14:25:09
hsha3060,270576,MALE,USER,1995-08-08,2023-07-09T06:31:52
fsxc8322,016858,FEMALE,USER,1994-11-13,2023-07-09T11:58:22
chuq9837,806520,MALE,USER,2001-04-11,2023-07-10T07:45:17
mufh2724,919161,FEMALE,USER,1998-12-21,2023-07-11T12:30:10
zgux0367,220132,FEMALE,USER,1997-05-29,2023-07-12T04:20:38
lsdu6812,342663,FEMALE,USER,1986-10-05,2023-07-12T22:11:05
asfk0016,020432,FEMALE,USER,2001-05-22,2023-07-13T09:59:31
bvlt9410,197844,MALE,USER,1979-11-09,2023-07-14T15:07:19
zvvz0150,558027,FEMALE,USER,1998-04-20,2023-07-15T08:12:44
phvx1627,806216,FEMALE,USER,2004-11-28,2023-07-16T10:51:27
bnpn9916,020602,FEMALE,USER,1989-11-06,2023-07-17T14:37:33
rfwd1294,357670,MALE,USER,2000-04-08,2023-07-18T06:24:51
lslu7496,710557,FEMALE,USER,1984-10-22,2023-07-19T08:09:10
xddh1882,309294,FEMALE,USER,1996-09-15,2023-07-19T15:31:22
vgwm9647,854707,FEMALE,USER,1995-11-11,2023-07-20T03:42:13
expz2675,012397,MALE,USER,2005-11-06,2023-07-21T11:25:06
hvku9833,883072,FEMALE,USER,2002-09-29,2023-07-22T07:11:47
qvds5908,938854,FEMALE,USER,2010-03-26,2023-07-23T12:54:30
xpvw0194,156390,MALE,USER,1981-10-06,2023-08-01T03:15:47
ryfs3835,696008,FEMALE,USER,1998-03-17,2023-08-01T10:30:12
yaaz8026,383593,FEMALE,USER,1995-11-19,2023-08-01T16:42:33
avjs3487,654060,MALE,USER,1995-06-20,2023-08-02T08:25:30
wvnq6017,076582,FEMALE,USER,1996-02-04,2023-08-02T18:03:05
irsx9966,765678,FEMALE,USER,1996-01-08,2023-08-04T17:02:09
lvcq1553,459312,MALE,USER,2008-01-02,2023-08-05T05:40:59
wptd0783,882515,FEMALE,USER,2002-08-28,2023-08-06T16:22:47
urck3465,572352,FEMALE,USER,1989-02-10,2023-08-06T19:15:33
qdya9514,941850,FEMALE,USER,2009-04-04,2023-08-08T14:25:09
lska5036,678094,MALE,USER,1992-11-05,2023-08-08T19:36:43
ktso8107,625169,FEMALE,USER,2002-06-16,2023-08-09T06:31:52
yzgg8163,069619,FEMALE,USER,1994-02-09,2023-08-12T04:20:38
dnit6503,280010,FEMALE,USER,1988-11-18,2023-08-14T09:59:31
ktjz9528,647482,MALE,USER,2005-01-06,2023-08-15T08:12:44
koav0927,290358,FEMALE,USER,1999-02-26,2023-08-16T10:51:27
fiip7235,282219,FEMALE,USER,1989-02-14,2023-08-17T14:37:33
chvk5190,580529,FEMALE,USER,2000-02-21,2023-08-18T06:24:51
vxzd7081,127709,MALE,USER,1996-09-19,2023-08-19T08:09:10
baho2456,356955,FEMALE,USER,2008-01-14,2023-08-20T03:42:13
ggwi5675,602397,FEMALE,USER,1999-06-14,2023-08-20T11:25:06
ccfz1275,493028,MALE,USER,1974-07-14,2023-08-21T07:11:47
fpto1231,699548,FEMALE,USER,1994-12-22,2023-08-22T12:54:30
lmac3817,692562,FEMALE,USER,2004-10-22,2023-08-23T02:10:22
ttyd1030,704308,MALE,USER,1987-12-03,2023-08-23T10:41:58
scfh8990,367302,FEMALE,USER,1987-10-17,2023-08-24T14:37:40
uwtc6044,824886,FEMALE,USER,1984-11-15,2023-08-25T06:43:56
ntfh2506,893276,MALE,USER,1994-05-03,2023-08-26T12:23:12
zkoa0034,892714,FEMALE,USER,2004-03-04,2023-08-27T05:55:44
mgmv8671,875782,FEMALE,USER,1994-04-06,2023-08-28T09:05:19
hwdy9757,872506,MALE,USER,2010-02-22,2023-08-28T16:12:33
wgca4412,628796,FEMALE,USER,1996-06-03,2023-08-28T20:58:55
xxir2818,260384,FEMALE,USER,1997-05-03,2023-08-29T13:35:20
umcw6166,849807,MALE,USER,1998-02-20,2023-08-30T06:55:14
umkf1208,100553,FEMALE,USER,1996-05-07,2023-08-31T02:40:12
bgze1573,918068,FEMALE,USER,2002-04-18,2023-08-31T08:32:10
vmkr3729,274720,MALE,USER,2006-11-27,2023-08-31T17:22:10
hbyj5286,013622,FEMALE,USER,1996-12-24,2023-08-31T21:44:15
dgfy5150,119455,FEMALE,USER,1986-08-25,2023-09-02T08:25:30
dvdu1716,982475,MALE,USER,1997-10-28,2023-09-02T18:03:05
qhrl4038,611482,FEMALE,USER,1994-06-21,2023-09-03T07:35:50
wfuv4782,369770,FEMALE,USER,2001-10-29,2023-09-03T13:05:22
acmv3428,756784,MALE,USER,1992-03-27,2023-09-04T09:21:12
kbuu7410,848605,FEMALE,USER,1997-02-19,2023-09-04T13:18:42
vgux6227,734252,FEMALE,USER,2008-05-08,2023-09-04T17:02:09
okbf9900,890264,MALE,USER,1994-09-26,2023-09-05T05:40:59
ixlo2133,365516,FEMALE,USER,1988-01-19,2023-09-06T16:22:47
gptj7549,505341,FEMALE,USER,1991-01-26,2023-09-06T19:15:33
almo5505,397961,MALE,USER,1996-11-18,2023-09-07T13:52:11
chdz1339,427096,FEMALE,USER,1997-03-12,2023-09-08T14:25:09
cgwo1398,466026,FEMALE,USER,1988-06-30,2023-09-09T06:31:52
mslv3095,795371,MALE,USER,1996-10-28,2023-09-09T11:58:22
hfed9055,783125,FEMALE,USER,2000-10-09,2023-09-10T07:45:17
sfcm9145,196970,FEMALE,USER,1988-01-07,2023-09-11T12:30:10
cufa6486,361556,MALE,USER,1998-06-02,2023-09-12T04:20:38
oejj2038,344304,FEMALE,USER,1997-03-26,2023-09-13T22:11:05
mwff2019,825964,FEMALE,USER,1987-07-28,2023-09-14T09:59:31
chns1006,053270,MALE,USER,2000-07-18,2023-09-14T15:07:19
clbh7165,105346,FEMALE,USER,2009-06-16,2023-09-15T08:12:44
fjpr5069,092787,FEMALE,USER,2010-08-29,2023-09-16T10:51:27
pgjr0992,902164,MALE,USER,2012-09-03,2023-09-17T14:37:33
jnnr2912,918237,FEMALE,USER,1998-05-16,2023-09-18T06:24:51
kqjt1663,312634,FEMALE,USER,1997-05-15,2023-09-19T08:09:10
kuul8318,982256,MALE,USER,1969-08-17,2023-09-19T15:31:22
pndm4571,259334,FEMALE,USER,2004-07-07,2023-09-20T03:42:13
mtej8449,009953,FEMALE,USER,2002-07-04,2023-09-21T11:25:06
mvgm5416,673250,FEMALE,USER,2002-04-22,2023-09-21T18:15:01
itfu5367,961312,FEMALE,USER,2002-03-11,2023-09-22T03:15:47
wfqj3073,236553,FEMALE,USER,1986-07-02,2023-09-23T08:17:50
aehp8463,393589,MALE,USER,1987-11-30,2023-09-23T13:05:22
vwyp0343,698598,FEMALE,USER,2001-12-20,2023-09-24T07:10:12
blxv2486,395991,FEMALE,USER,2001-06-14,2023-09-24T15:42:33
kfxz4059,531375,MALE,USER,1995-06-27,2023-09-27T09:45:33
lldq2569,503261,FEMALE,USER,2011-04-17,2023-09-28T08:55:42
uqzw5729,319061,FEMALE,USER,1996-09-14,2023-09-29T19:35:11
akvw3076,821076,FEMALE,USER,1999-12-23,2023-10-01T01:30:12
atsb2348,977909,MALE,USER,1997-02-07,2023-10-02T02:15:23
uikh7010,469345,FEMALE,USER,2011-06-07,2023-10-02T05:33:42
qpdt7268,497374,FEMALE,USER,1999-05-02,2023-10-02T08:50:11
tdcc3836,635524,FEMALE,USER,1971-10-22,2023-10-04T07:20:33
afli5884,975828,MALE,USER,1996-01-22,2023-10-05T02:10:44
vfrh6701,885817,FEMALE,USER,2001-12-13,2023-10-05T05:55:39
gjzf3749,194694,FEMALE,USER,2011-07-12,2023-10-06T01:12:50
zkpf8015,429133,MALE,USER,2010-03-05,2023-10-06T09:21:17
hszb9191,200674,FEMALE,USER,2002-06-30,2023-10-07T03:45:23
swhm0199,538280,OTHER,USER,1996-02-03,2023-10-07T08:02:37
mswc5768,989306,MALE,USER,1995-12-01,2023-10-10T00:55:39
apfq9724,839352,FEMALE,USER,2002-10-18,2023-10-10T04:10:20
amuq9590,188013,MALE,USER,1985-07-22,2023-10-10T07:38:48
gagm6364,126061,FEMALE,USER,1996-07-15,2023-10-11T05:15:42
juht4698,956498,FEMALE,USER,2001-08-05,2023-10-12T01:12:41
uybz3079,004630,FEMALE,USER,1997-07-17,2023-10-12T03:45:59
qayb7960,641542,FEMALE,USER,1998-02-21,2023-10-13T04:38:59
ybhy9462,723953,FEMALE,USER,2007-04-07,2023-10-14T02:12:08
koaj2445,434718,FEMALE,USER,1969-03-09,2023-10-14T05:10:41
nagy3804,007792,FEMALE,USER,2000-11-17,2023-10-15T06:12:30
udyp5716,701697,MALE,USER,2012-05-17,2023-10-15T10:48:21
lyph2122,079533,FEMALE,USER,1980-12-13,2023-10-16T04:12:45
vgrw8485,839290,FEMALE,USER,2008-05-12,2023-10-17T02:35:17
blth2520,417381,MALE,USER,2007-04-04,2023-10-17T05:11:22
ukwb4158,608477,FEMALE,USER,2010-04-04,2023-10-18T03:44:55
xsoe5961,506832,FEMALE,USER,1998-08-03,2023-10-18T08:19:48
xtit3386,086999,FEMALE,USER,1994-05-17,2023-10-19T02:05:12
dhmq0887,874208,FEMALE,USER,1979-05-01,2023-10-19T06:15:39
gryj9408,010541,MALE,USER,1980-03-05,2023-10-20T03:18:45
aypa0500,336000,MALE,USER,1997-09-02,2023-10-21T04:50:33
zgph7687,314404,FEMALE,USER,1996-03-25,2023-10-22T01:32:27
ulyj4555,379096,FEMALE,USER,2010-02-17,2023-10-22T06:44:09
tjmh8258,659820,FEMALE,USER,2006-05-12,2023-10-23T02:47:10
pbkz0963,180484,FEMALE,USER,2000-06-18,2023-10-24T03:13:17
pguf1368,261724,FEMALE,USER,2000-01-05,2023-10-25T07:27:45
wbdz4537,263740,MALE,USER,2009-04-21,2023-10-26T01:48:23
rtvf9428,025675,FEMALE,USER,2008-09-22,2023-10-27T05:55:12
qywe6026,834974,FEMALE,USER,2002-09-07,2023-10-28T02:36:08
ztso8026,167986,MALE,USER,2010-12-17,2023-10-29T04:12:47
blhz5555,195582,FEMALE,USER,2006-03-17,2023-10-30T01:18:35
mxfg5952,804555,FEMALE,USER,1989-12-14,2023-11-01T00:10:14
idqh3569,716978,MALE,USER,1994-03-02,2023-11-01T02:47:29
czqy6687,798087,FEMALE,USER,2010-11-11,2023-11-01T06:33:17
zsrc5681,711349,FEMALE,USER,1978-11-08,2023-11-03T00:45:13
zavq4412,336878,FEMALE,USER,2012-10-27,2023-11-04T01:25:36
eron7118,937377,MALE,USER,2008-08-04,2023-11-04T03:50:59
bkrf2343,727123,FEMALE,USER,1999-05-03,2023-11-05T04:25:17
urbj8020,032083,FEMALE,USER,2006-05-08,2023-11-05T07:48:29
nyfg4599,925331,MALE,USER,1999-02-22,2023-11-06T01:58:12
bxfk3696,456776,FEMALE,USER,1986-06-19,2023-11-07T05:31:09
uyfd3686,834875,FEMALE,USER,1994-05-23,2023-11-07T09:10:43
depa6456,884895,MALE,USER,2012-09-15,2023-11-08T02:00:41
fnjc2463,645467,FEMALE,USER,1985-07-07,2023-11-08T04:55:22
dffr0844,815034,FEMALE,USER,1996-03-12,2023-11-09T03:12:05
muqr2871,800966,FEMALE,USER,2006-01-08,2023-11-09T06:58:44
blda2196,491037,FEMALE,USER,2001-12-09,2023-11-09T09:30:28
hkez4442,055469,MALE,USER,1995-06-15,2023-11-10T02:43:35
rcgc9688,155386,FEMALE,USER,1997-02-23,2023-11-10T04:50:57
gghb9304,600944,FEMALE,USER,2002-02-24,2023-11-11T00:32:18
hzxv1693,475145,FEMALE,USER,2009-06-01,2023-11-11T03:04:26
oxbf0037,861601,FEMALE,USER,1964-06-17,2023-11-11T06:18:44
xnsb4518,188329,MALE,USER,2008-05-28,2023-11-12T04:11:08
bnia6110,506715,FEMALE,USER,1999-12-07,2023-11-12T07:29:54
ibgc9044,971858,FEMALE,USER,2011-08-02,2023-11-12T10:15:40
ybzm4526,314224,MALE,USER,2007-01-11,2023-11-13T02:56:12
zxnf5353,876425,FEMALE,USER,2001-09-05,2023-11-13T05:43:29
wmda9778,598895,MALE,USER,1999-12-13,2023-11-13T08:28:15
fubb2008,149225,FEMALE,USER,2004-10-03,2023-11-14T00:41:17
jhqj7142,354728,FEMALE,USER,1985-09-23,2023-11-14T03:10:43
kohy2561,032655,FEMALE,USER,1994-12-02,2023-11-15T01:03:39
gcnx6767,301981,MALE,USER,1997-10-27,2023-11-16T01:11:05
rtlo1339,918316,FEMALE,USER,2010-02-01,2023-11-17T03:45:02
zpln2885,024246,FEMALE,USER,2010-06-26,2023-11-17T06:11:44
cnqa0383,092841,FEMALE,USER,2000-04-27,2023-11-18T00:57:56
iypo4950,702205,MALE,USER,2007-05-26,2023-11-18T03:24:13
kpjm5707,629539,FEMALE,USER,2011-07-23,2023-11-18T06:11:39
hsuu2082,038037,MALE,USER,2002-07-24,2023-11-19T01:43:09
dkhv8126,998830,FEMALE,USER,2012-11-02,2023-11-19T04:50:17
yivc7789,979979,MALE,USER,1997-09-28,2023-11-20T08:43:17
bahp9470,500621,FEMALE,USER,1989-04-03,2023-11-21T04:10:44
zioh4252,004794,FEMALE,USER,1994-09-03,2023-11-23T02:12:28
pcwj4233,874718,FEMALE,USER,1991-05-08,2023-11-24T01:16:29
prux2315,458611,FEMALE,USER,2001-04-23,2023-11-24T04:12:46
uulv8905,457882,FEMALE,USER,1989-09-15,2023-11-24T08:25:18
kkcp9573,724223,MALE,USER,1995-07-08,2023-11-25T03:18:55
adcl0398,669556,FEMALE,USER,1984-02-13,2023-11-25T09:11:23
tuuj7644,180433,FEMALE,USER,2005-02-22,2023-11-26T02:45:18
pbuu1562,052846,MALE,USER,1980-03-05,2023-11-26T06:00:51
hltx9223,665139,FEMALE,USER,2000-11-11,2023-11-26T09:50:32
pkrr1773,509950,MALE,USER,2011-07-17,2023-11-27T01:13:49
qoph8241,709971,FEMALE,USER,1967-03-13,2023-11-27T04:35:03
zqjw2717,309318,MALE,USER,2006-04-30,2023-11-28T02:10:31
prlr2208,887937,MALE,USER,1997-11-22,2023-11-28T05:32:49
mkdu4408,606482,FEMALE,USER,1987-05-29,2023-11-29T01:28:39
zddn6893,229478,FEMALE,USER,1989-11-03,2023-11-29T04:02:13
jbns9985,989959,FEMALE,USER,1996-10-09,2023-11-30T00:42:17
mkxk1131,074449,FEMALE,USER,1997-10-14,2023-11-30T03:20:59
vtjd4620,185773,MALE,USER,1997-02-19,2023-11-30T06:11:27
sdlj5789,872809,FEMALE,USER,2001-06-05,2023-12-01T01:25:42
ygja2110,747488,FEMALE,USER,1986-08-29,2023-12-02T02:11:39
fiqq8775,510406,FEMALE,USER,1974-03-11,2023-12-02T06:35:47
foyb5357,601692,MALE,USER,1997-08-26,2023-12-03T00:48:36
lrmz5031,427321,FEMALE,USER,2011-08-17,2023-12-03T06:54:22
ulah0966,118223,MALE,USER,1994-11-03,2023-12-04T01:19:35
vxwv0779,749638,FEMALE,USER,1998-01-14,2023-12-04T08:25:18
hlop2705,570470,FEMALE,USER,1996-09-14,2023-12-05T00:29:12
aqni2028,169133,FEMALE,USER,1988-09-01,2023-12-05T02:45:41
okfd0384,345508,MALE,USER,1998-11-19,2023-12-06T01:51:04
ulqu6294,663620,FEMALE,USER,1997-08-10,2023-12-07T00:36:44
mtib1789,314962,FEMALE,USER,1996-01-03,2023-12-07T03:17:29
nclw0729,533919,FEMALE,USER,2011-10-13,2023-12-08T01:09:13
isbp0385,521560,MALE,USER,2008-02-28,2023-12-09T00:54:28
zaor8847,336131,FEMALE,USER,2001-06-20,2023-12-09T02:52:15
kqgr1193,521414,MALE,USER,1999-01-21,2023-12-09T06:01:46
jevy7058,672942,FEMALE,USER,2012-07-04,2023-12-10T01:47:42
ucmo0593,495711,FEMALE,USER,2000-04-24,2023-12-10T03:19:07
dtqu7251,747896,FEMALE,USER,2010-10-21,2023-12-10T07:03:36
jupu0408,432356,FEMALE,USER,1997-10-16,2023-12-11T01:29:17
vkib8994,909247,MALE,USER,2001-03-06,2023-12-11T04:41:22
vfvn2328,238810,FEMALE,USER,2000-10-14,2023-12-12T00:52:48
jxfw7860,071864,MALE,USER,1995-09-14,2023-12-12T03:38:33
vbam8466,157801,FEMALE,USER,1999-10-10,2023-12-12T07:15:42
hzgn8359,342986,FEMALE,USER,2005-01-26,2023-12-13T01:33:25
iecg6344,094524,FEMALE,USER,2001-04-11,2023-12-13T04:02:08
exzy7805,694226,FEMALE,USER,2010-03-12,2023-12-13T07:39:50
nrag7972,606609,MALE,USER,1998-09-09,2023-12-14T00:14:56
xtns6676,403702,FEMALE,USER,2009-09-06,2023-12-14T03:25:13
jkbm7261,562316,FEMALE,USER,1998-01-10,2023-12-15T06:22:44
ckun2342,677410,FEMALE,USER,1994-06-02,2023-12-16T02:28:11
wusj0603,052989,MALE,USER,2011-01-17,2023-12-16T04:39:57
yuec2900,997175,FEMALE,USER,1984-10-31,2023-12-16T07:58:29
udbn1563,646708,FEMALE,USER,1994-09-17,2023-12-17T01:20:32
wtvp6372,659184,FEMALE,USER,2002-04-03,2023-12-17T03:53:11
zwec5069,827513,MALE,USER,1994-12-21,2023-12-17T07:10:46
tqae2274,196607,FEMALE,USER,1994-10-08,2023-12-18T04:24:47
gjuy4153,773179,FEMALE,USER,1997-06-23,2023-12-18T08:47:21
kmif0456,405025,MALE,USER,1988-04-13,2023-12-20T00:32:55
gbcb2430,672575,FEMALE,USER,1999-07-13,2023-12-20T02:57:45
gfvy8167,388980,FEMALE,USER,1986-06-03,2023-12-20T07:03:59
rmzj3156,614692,MALE,USER,2000-08-13,2023-12-21T01:13:23
fdmn3403,294350,FEMALE,USER,1994-04-13,2023-12-23T02:34:45
iywc2825,383964,FEMALE,USER,1999-09-21,2023-12-24T01:56:33
ctzi9376,365684,MALE,USER,1999-10-13,2023-12-24T04:21:42
tzpc9539,504512,FEMALE,USER,2005-04-12,2023-12-24T06:38:55
lcak9621,654612,FEMALE,USER,1984-06-17,2023-12-25T02:15:12
kqoo0762,440665,FEMALE,USER,1995-02-17,2023-12-25T05:48:02
grof3943,115647,MALE,USER,1990-10-30,2023-12-25T08:23:41
dbfi6181,527806,FEMALE,USER,2007-12-26,2023-12-26T02:06:55
xgus2984,346010,FEMALE,USER,1991-01-10,2023-12-26T04:56:41
zyjd7567,022518,FEMALE,USER,1997-02-10,2023-12-26T07:32:15
zbpq0176,966029,MALE,USER,1987-11-06,2023-12-27T01:01:08
nfrp9022,113255,FEMALE,USER,1995-02-20,2023-12-27T03:44:53
pudj0771,995765,FEMALE,USER,2006-02-13,2023-12-27T06:51:30
ddum2117,175779,FEMALE,USER,1981-11-25,2023-12-28T00:22:15
tmqo0708,245179,MALE,USER,1999-01-30,2023-12-28T03:50:42
vjlg1420,305666,FEMALE,USER,2012-05-03,2023-12-28T07:27:05
ofau3584,964763,FEMALE,USER,1995-01-20,2023-12-29T01:44:50
wrce3233,313363,MALE,USER,1966-09-30,2023-12-29T04:38:20
lsov2110,253082,FEMALE,USER,1996-05-15,2023-12-29T07:55:32
jwrh2137,037663,FEMALE,USER,2007-06-08,2023-12-30T02:30:22
ixpe9481,339379,MALE,USER,2000-03-04,2023-12-30T04:58:13
qqwl9840,344131,FEMALE,USER,1995-02-13,2023-12-30T08:11:44
qdve3734,929758,FEMALE,USER,1997-06-06,2023-12-31T01:03:21
hcty9636,307610,MALE,USER,2008-09-14,2023-12-31T04:16:47
vjue8205,356542,FEMALE,USER,2000-01-14,2023-12-31T07:22:39
dicy5717,513444,FEMALE,USER,1998-11-29,2024-01-01T10:08:22
eaay0500,223231,MALE,USER,1994-12-19,2024-01-01T14:03:45
tsaw5265,382821,FEMALE,USER,1985-02-26,2024-01-02T06:59:11
mnrb2932,398890,FEMALE,USER,2012-05-31,2024-01-02T08:30:07
fugg2670,905505,MALE,USER,1994-10-01,2024-01-03T11:21:14
xhke9180,553818,FEMALE,USER,1998-08-08,2024-01-03T18:57:38
gmft0464,399442,FEMALE,USER,1997-08-02,2024-01-04T13:04:58
beng4142,048557,MALE,USER,1978-10-28,2024-01-04T19:12:03
mgan1908,872497,FEMALE,USER,1998-08-14,2024-01-05T15:16:29
zfmj8622,315925,FEMALE,USER,1979-10-13,2024-01-06T02:22:50
updr0081,424463,MALE,USER,1994-07-04,2024-01-06T20:38:16
hfqx4462,903020,FEMALE,USER,1995-12-18,2024-01-07T09:49:43
xnmk9813,785804,FEMALE,USER,1995-04-24,2024-01-08T12:10:55
nfov8319,555464,MALE,USER,2007-11-15,2024-01-08T17:01:25
bjby0897,035119,FEMALE,USER,1994-08-27,2024-01-09T03:09:36
qeqr1394,591822,FEMALE,USER,1985-09-09,2024-01-09T16:20:45
jhpi7962,480981,MALE,USER,1988-11-25,2024-01-10T12:08:23
amxj6277,904843,FEMALE,USER,1991-01-22,2024-01-10T20:45:01
pcuf5771,222647,FEMALE,USER,2011-09-10,2024-01-11T07:26:18
lcok0922,119952,MALE,USER,2001-12-05,2024-01-11T19:01:49
zaqe6608,608468,FEMALE,USER,2005-11-04,2024-01-12T09:30:56
gcsx9939,896285,FEMALE,USER,2001-07-06,2024-01-12T15:10:14
psgr3191,345299,MALE,USER,1988-01-18,2024-01-13T16:39:27
dmqy6575,832863,FEMALE,USER,2009-12-01,2024-01-13T20:08:14
olma9840,360517,FEMALE,USER,1967-10-03,2024-01-14T08:25:12
zcgq0100,659775,MALE,USER,1998-12-20,2024-01-14T17:11:48
suze8915,157996,FEMALE,USER,1979-02-16,2024-01-15T14:33:05
aiip3886,819509,FEMALE,USER,1998-09-25,2024-01-15T19:56:21
gjuc4919,893997,MALE,USER,1998-10-06,2024-01-16T11:03:09
icmk4104,428851,FEMALE,USER,2007-11-14,2024-01-16T20:10:45
useg9777,499674,FEMALE,USER,1992-01-03,2024-01-17T14:40:50
sxyk3133,332337,MALE,USER,1999-08-24,2024-01-18T09:10:05
jsxo8216,571538,FEMALE,USER,1999-12-23,2024-01-19T09:10:50
jhku3068,068021,OTHER,USER,1999-02-04,2024-01-19T12:15:34
cjqr0609,937238,MALE,USER,1974-08-18,2024-01-20T14:22:11
lnll7067,932228,FEMALE,USER,1978-12-18,2024-01-20T20:30:45
ddlz7214,521570,FEMALE,USER,1996-04-13,2024-01-21T18:05:23
xyee4814,698074,FEMALE,USER,2001-12-10,2024-01-22T07:55:02
gkbx5471,754736,FEMALE,USER,2006-12-22,2024-01-23T10:40:19
nbpo9785,140083,FEMALE,USER,2010-05-03,2024-01-23T17:02:30
jwuc2680,486047,MALE,USER,2006-03-06,2024-01-24T09:50:40
skly1380,011160,FEMALE,USER,1996-08-08,2024-01-25T10:24:38
robg9801,655450,FEMALE,USER,2000-05-23,2024-01-25T11:36:29
ipxx0040,378644,MALE,USER,2005-03-22,2024-01-25T18:07:52
affl4395,955820,FEMALE,USER,1995-03-31,2024-01-26T02:15:04
mbjj4682,450065,FEMALE,USER,1995-08-30,2024-01-26T14:56:19
xqdl8887,349776,FEMALE,USER,1995-06-07,2024-01-27T09:30:41
irns8135,750403,MALE,USER,1984-02-21,2024-01-27T16:43:28
xufy1507,957831,FEMALE,USER,1999-06-21,2024-01-28T08:50:35
qqcb7052,217080,FEMALE,USER,1996-08-02,2024-01-28T19:02:14
uhvc7147,063841,FEMALE,USER,1998-12-25,2024-01-29T12:03:45
cljx1958,365604,MALE,USER,2010-11-30,2024-01-30T11:40:28
layk1529,323552,FEMALE,USER,2002-02-02,2024-01-31T16:02:37
hrxv2846,170766,FEMALE,USER,1995-03-22,2024-01-31T19:45:19
mxmt1510,160499,MALE,USER,1999-02-07,2024-02-01T02:11:37
qcpp3757,891339,FEMALE,USER,2008-07-31,2024-02-01T18:37:21
tsgg1221,355738,FEMALE,USER,1990-02-13,2024-02-02T04:28:33
ylrz3844,645146,MALE,USER,1997-08-17,2024-02-02T09:45:52
oxcm9471,338411,FEMALE,USER,2002-02-05,2024-02-03T12:10:02
kwmt6934,299621,MALE,USER,2010-05-27,2024-02-04T06:25:16
hewv8840,697480,FEMALE,USER,1995-07-02,2024-02-04T10:52:30
prwm1752,970977,FEMALE,USER,2004-05-01,2024-02-05T05:13:45
zhpd4878,001558,FEMALE,USER,2001-12-19,2024-02-05T11:41:30
zelk9297,965435,FEMALE,USER,2002-04-21,2024-02-06T02:12:56
rdep1321,399060,FEMALE,USER,1988-01-15,2024-02-06T10:09:04
eeof1797,409950,FEMALE,USER,2002-01-24,2024-02-07T07:39:13
mrxp1014,938183,FEMALE,USER,1998-06-01,2024-02-07T12:59:11
lsji0583,051604,MALE,USER,2012-05-08,2024-02-08T04:56:09
ioik2913,298145,FEMALE,USER,1997-02-03,2024-02-08T09:23:17
tpfj0524,848510,FEMALE,USER,2006-09-05,2024-02-09T02:59:47
hudg0065,427277,MALE,USER,1994-05-23,2024-02-09T10:34:22
cnbf7829,102938,FEMALE,USER,1991-12-12,2024-02-10T03:06:47
sahp4858,737557,FEMALE,USER,1997-12-11,2024-02-10T12:03:26
xuet7286,013766,FEMALE,USER,2008-06-16,2024-02-11T05:26:14
rbas0801,279824,FEMALE,USER,1975-07-17,2024-02-11T08:50:34
hfwn8213,460830,MALE,USER,1996-06-04,2024-02-12T04:09:28
zkei8290,964620,MALE,USER,1988-03-25,2024-02-12T11:14:19
ruqg4185,561691,FEMALE,USER,2000-03-16,2024-02-13T09:18:15
gwdr7178,350429,FEMALE,USER,2002-10-21,2024-02-13T17:37:23
hqne5189,256387,FEMALE,USER,2002-10-23,2024-02-14T06:42:11
ognz2819,793393,FEMALE,USER,2000-07-18,2024-02-14T11:30:43
rjxb9008,584669,FEMALE,USER,2002-06-19,2024-02-15T14:08:26
ycfs8193,632170,MALE,USER,1990-10-04,2024-02-16T05:39:22
ukwl1605,794787,FEMALE,USER,1995-10-26,2024-02-16T08:30:10
mvsk0423,303991,FEMALE,USER,2001-05-25,2024-02-17T13:57:02
bgrw0878,574593,MALE,USER,2001-09-02,2024-02-18T10:24:44
gozf1534,385752,FEMALE,USER,2004-01-25,2024-02-19T14:29:55
ztsh4859,085075,FEMALE,USER,2007-06-12,2024-02-19T08:15:11
yhph8157,132071,MALE,USER,2011-04-08,2024-02-20T08:15:11
ohsw3188,106031,FEMALE,USER,2000-12-16,2024-02-21T17:02:40
xlpn4869,847731,FEMALE,USER,1996-01-21,2024-02-22T09:39:18
ojkx5058,751254,FEMALE,USER,1984-03-09,2024-02-23T06:57:38
rxzt0981,227349,MALE,USER,2008-02-27,2024-02-23T14:32:15
rqzz4109,989655,FEMALE,USER,2002-11-21,2024-02-23T19:01:24
pbzj5540,641317,FEMALE,USER,1997-11-17,2024-02-24T18:22:48
vvxm1953,830989,MALE,USER,2000-06-22,2024-02-25T02:22:10
wcza4389,038096,FEMALE,USER,1997-02-16,2024-02-25T08:39:50
nsys9053,859514,FEMALE,USER,1992-06-26,2024-02-25T08:39:50
ryde0697,174689,MALE,USER,1999-04-23,2024-02-26T16:10:29
geqk6448,965309,FEMALE,USER,2000-07-06,2024-02-26T17:10:30
fsen9579,140092,FEMALE,USER,1997-08-07,2024-02-28T04:01:25
jecr7546,218677,FEMALE,USER,1994-02-28,2024-02-29T09:11:30
brde7491,440682,FEMALE,USER,1997-11-19,2024-02-29T09:14:31
ejhw0938,589303,MALE,USER,2001-01-24,2024-03-01T02:11:37
fgeo2482,871662,FEMALE,USER,2006-04-17,2024-03-01T18:37:22
dspk7773,729491,FEMALE,USER,1998-02-09,2024-03-02T03:10:22
sqgj6529,348833,FEMALE,USER,2002-08-31,2024-03-02T12:04:53
xiew7152,392774,FEMALE,USER,2007-04-13,2024-03-03T09:33:14
eldc7801,343289,MALE,USER,2006-12-22,2024-03-03T15:28:50
iffn8671,165028,FEMALE,USER,2005-11-12,2024-03-04T04:22:10
jlfv8388,761845,FEMALE,USER,2009-06-26,2024-03-04T10:18:30
pkaq3520,043485,MALE,USER,1998-03-24,2024-03-06T11:30:21
lbbl3777,164531,FEMALE,USER,1984-06-07,2024-03-07T06:14:50
pddp0465,036634,MALE,USER,1991-11-22,2024-03-07T15:44:37
ltgu6723,675714,FEMALE,USER,2000-11-08,2024-03-08T04:38:21
hehk4647,821247,FEMALE,USER,2007-01-23,2024-03-08T11:23:17
phrx8184,568117,FEMALE,USER,1996-09-20,2024-03-09T05:11:29
nkoc1576,078379,MALE,USER,2012-06-01,2024-03-09T13:05:40
qcvq6282,387559,FEMALE,USER,2001-02-24,2024-03-10T07:29:54
mcxb6483,673188,FEMALE,USER,2000-12-23,2024-03-10T16:20:11
qnld8694,170266,FEMALE,USER,1995-05-05,2024-03-11T09:15:42
pqrb9418,846357,MALE,USER,1968-09-22,2024-03-11T14:10:50
ygcq8035,331593,FEMALE,USER,1989-10-24,2024-03-12T03:33:18
qkbz3640,135035,MALE,USER,1964-11-08,2024-03-12T10:55:26
tjam1639,174089,FEMALE,USER,2009-03-29,2024-03-13T02:48:56
bekt6460,955285,MALE,USER,2002-01-06,2024-03-13T09:42:19
nbnm6798,877713,FEMALE,USER,2007-05-02,2024-03-14T06:36:02
iuzq8597,517084,FEMALE,USER,2007-03-14,2024-03-14T15:04:43
cwtw2467,239305,FEMALE,USER,2002-02-27,2024-03-14T15:09:44
jiei8338,114032,FEMALE,USER,1997-01-19,2024-03-15T19:17:50
zuxe2310,913088,FEMALE,USER,1991-07-23,2024-03-16T08:45:22
aonm5498,158622,MALE,USER,2002-04-11,2024-03-16T12:40:36
bnkw1585,245037,FEMALE,USER,1997-01-31,2024-03-17T04:18:10
hbni1020,862359,FEMALE,USER,2010-04-28,2024-03-17T14:28:43
wxpw3239,678863,MALE,USER,1998-08-04,2024-03-18T07:04:56
borh1877,955584,FEMALE,USER,1990-09-28,2024-03-18T16:58:04
dash5024,716738,MALE,USER,2001-06-30,2024-03-19T10:55:06
ldug1330,679933,FEMALE,USER,1980-03-04,2024-03-19T17:49:12
xhal4446,825003,MALE,USER,1994-07-02,2024-03-20T06:40:29
hcwt7807,124929,FEMALE,USER,2002-02-15,2024-03-21T09:12:04
gnga9702,493626,FEMALE,USER,1995-05-24,2024-03-23T14:17:50
wsvm2180,581421,FEMALE,USER,1989-06-08,2024-03-23T14:18:41
keij0620,339433,FEMALE,USER,2002-10-08,2024-03-24T09:58:33
qkao5864,250642,MALE,USER,1994-01-07,2024-03-24T19:03:36
hwxt6058,613539,OTHER,USER,2001-02-27,2024-03-25T11:34:18
jxlm1490,274585,FEMALE,USER,2008-08-18,2024-03-26T07:40:23
gkup9353,630600,FEMALE,USER,1990-12-29,2024-03-27T02:59:45
pybb6801,157253,MALE,USER,1996-05-18,2024-03-27T04:00:46
ojsv2401,344806,FEMALE,USER,1997-10-10,2024-03-29T09:09:56
qwrr7355,995775,MALE,USER,1998-09-16,2024-03-29T12:17:57
opkp3552,665248,FEMALE,USER,1997-11-22,2024-03-31T06:12:30
qrss6531,824235,FEMALE,USER,2005-05-04,2024-04-01T12:05:32
ouxd7364,872259,FEMALE,USER,2012-03-05,2024-04-01T18:29:12
waig0316,783013,MALE,USER,1999-03-12,2024-04-02T04:38:56
umdt1694,606785,FEMALE,USER,1996-05-30,2024-04-02T10:49:20
rmjz4487,335201,FEMALE,USER,1992-04-18,2024-04-02T15:03:25
owfe2724,784908,FEMALE,USER,2008-05-06,2024-04-03T06:11:39
fmzh0610,698861,MALE,USER,2002-02-08,2024-04-03T14:12:58
wiif4298,180601,FEMALE,USER,1997-03-01,2024-04-03T19:45:34
artm9709,584570,MALE,USER,2002-08-12,2024-04-04T05:25:47
eags2947,301075,FEMALE,USER,1999-04-21,2024-04-04T12:17:30
fejo4336,489309,FEMALE,USER,1994-10-06,2024-04-05T09:30:01
cqod2430,050724,FEMALE,USER,2001-04-18,2024-04-05T19:09:56
tfdx7337,895329,FEMALE,USER,2001-01-04,2024-04-06T07:13:50
vmgz7321,578176,MALE,USER,2001-03-07,2024-04-06T12:45:31
oxjs8460,721668,FEMALE,USER,2012-11-24,2024-04-07T08:22:03
egqi2585,033862,MALE,USER,1986-06-16,2024-04-07T18:08:30
wvwd3977,417764,FEMALE,USER,1995-07-27,2024-04-08T05:31:17
wqlu4004,454197,FEMALE,USER,2005-03-01,2024-04-08T11:56:45
dbeg0801,391037,FEMALE,USER,1998-06-28,2024-04-08T16:30:09
ypjd4942,962854,FEMALE,USER,2000-01-17,2024-04-09T09:05:11
diqj8793,430908,MALE,USER,1996-02-29,2024-04-09T15:30:49
fdrc8273,057787,FEMALE,USER,1998-07-08,2024-04-10T06:49:52
vyyq7538,274117,FEMALE,USER,2002-01-15,2024-04-10T12:34:22
vuea9704,785623,FEMALE,USER,2006-09-22,2024-04-10T20:41:01
oyje7988,011103,MALE,USER,1980-01-25,2024-04-11T10:18:36
klby5795,237526,FEMALE,USER,2004-11-05,2024-04-11T14:09:51
dqjs9930,830222,FEMALE,USER,2012-04-09,2024-04-12T02:16:27
qjfh2636,325903,FEMALE,USER,2007-08-25,2024-04-12T09:42:13
swrm6974,559238,MALE,USER,1995-03-06,2024-04-13T08:50:47
qwgq9011,881181,FEMALE,USER,1999-05-14,2024-04-13T13:11:55
kgso3414,269820,FEMALE,USER,2001-09-07,2024-04-14T12:20:58
omex5197,866084,MALE,USER,1999-04-22,2024-04-14T16:33:29
fony0344,795921,FEMALE,USER,2000-08-14,2024-04-15T06:05:17
nykp7802,721462,FEMALE,USER,2001-04-01,2024-04-15T14:24:08
vxre3073,829399,MALE,USER,2004-05-08,2024-04-16T03:18:45
jzjx3389,903828,FEMALE,USER,1999-03-08,2024-04-16T11:10:22
ctnc7939,376482,FEMALE,USER,2002-10-05,2024-04-16T20:05:16
idwa6344,164061,MALE,USER,1996-01-16,2024-04-17T07:50:30
rkqe1863,212695,FEMALE,USER,1995-11-18,2024-04-17T14:43:28
cvgb0029,238950,FEMALE,USER,2001-03-02,2024-04-18T02:33:41
hsar0274,342074,FEMALE,USER,1997-08-10,2024-04-18T10:26:03
ffie0071,235799,MALE,USER,1995-03-14,2024-04-18T18:19:25
yese2632,309712,FEMALE,USER,2000-01-08,2024-04-19T05:14:22
fecn6561,585367,FEMALE,USER,1999-05-03,2024-04-19T11:55:03
ddfq9056,411087,FEMALE,USER,2010-06-17,2024-04-19T20:39:18
lnvh3478,475171,MALE,USER,1984-08-18,2024-04-20T07:20:40
zxua3067,843904,FEMALE,USER,1998-10-20,2024-04-20T15:30:12
culh9817,289426,OTHER,USER,1990-07-11,2024-04-21T17:13:35
tphw8729,247972,FEMALE,USER,2001-05-27,2024-04-22T06:45:59
rzsl4349,820340,MALE,USER,1980-01-13,2024-04-22T14:52:45
mljb0511,198920,FEMALE,USER,2000-10-13,2024-04-23T03:51:29
awga1435,748745,FEMALE,USER,1996-12-11,2024-04-23T18:12:30
agse8390,559552,MALE,USER,1986-05-31,2024-04-24T07:30:25
qyec9734,377462,OTHER,USER,2001-10-05,2024-04-24T16:15:48
ybcu2052,120747,FEMALE,USER,2010-07-05,2024-04-25T03:42:08
wpod7556,079106,MALE,USER,2000-08-01,2024-04-25T12:05:11
iskn8830,744257,FEMALE,USER,2010-12-16,2024-04-26T05:22:34
aqxw5041,651241,FEMALE,USER,2005-03-24,2024-04-26T14:37:10
gczz9647,502896,MALE,USER,2000-09-15,2024-04-27T07:25:59
tavd9435,347312,FEMALE,USER,2012-02-18,2024-04-27T11:54:50
azcw3709,021648,FEMALE,USER,1999-02-17,2024-04-28T06:16:42
oezu5202,136187,MALE,USER,2000-02-05,2024-04-29T03:24:11
guwq2067,862239,FEMALE,USER,1990-02-03,2024-04-29T12:13:22
fyxc2162,030965,FEMALE,USER,1997-07-18,2024-04-30T06:48:56
eyfg7446,666391,MALE,USER,2012-09-20,2024-04-30T14:57:10
nxas8425,932455,FEMALE,USER,1997-06-19,2024-05-01T01:32:45
lqgf8603,245309,FEMALE,USER,2004-02-20,2024-05-01T12:24:03
cqdv6346,235161,MALE,USER,1994-02-05,2024-05-01T18:45:29
jkjp9317,584545,FEMALE,USER,2001-07-27,2024-05-02T04:30:16
buwu5353,626536,FEMALE,USER,2004-11-07,2024-05-02T11:15:30
rsko0036,459294,MALE,USER,2008-05-31,2024-05-02T17:42:22
uued6670,865177,FEMALE,USER,2000-12-27,2024-05-03T14:28:36
owct8908,970811,FEMALE,USER,2001-06-29,2024-05-03T20:50:02
lktf5747,716767,MALE,USER,2002-03-15,2024-05-04T03:47:09
qysy4522,856428,FEMALE,USER,2012-04-08,2024-05-04T09:32:53
lfun7673,501425,FEMALE,USER,1998-01-21,2024-05-04T15:17:04
nhjo2768,472740,MALE,USER,1988-04-28,2024-05-05T02:18:12
xxaz8197,868371,FEMALE,USER,1989-08-22,2024-05-05T11:24:55
kqls6287,176232,FEMALE,USER,1999-05-23,2024-05-05T19:41:28
kcct6194,448819,MALE,USER,2012-09-27,2024-05-06T06:51:40
ptiy2195,565306,FEMALE,USER,1996-01-26,2024-05-06T18:30:45
rcpc7122,875776,FEMALE,USER,1995-10-27,2024-05-07T03:58:47
gsay5640,136023,MALE,USER,1997-06-03,2024-05-07T11:56:33
jdyr8375,079178,FEMALE,USER,2002-06-24,2024-05-07T16:39:12
uiam7153,376911,FEMALE,USER,2002-09-12,2024-05-08T10:17:03
kmzx3295,682949,MALE,USER,1998-06-05,2024-05-08T16:25:29
bvij5098,273813,FEMALE,USER,1998-02-04,2024-05-09T07:06:48
gerq4993,743746,FEMALE,USER,2002-07-09,2024-05-09T13:08:55
wgdk6954,193815,MALE,USER,1996-11-08,2024-05-09T19:10:45
pvqe7710,313868,FEMALE,USER,1987-08-05,2024-05-10T02:30:02
pppb0147,408468,FEMALE,USER,1985-03-05,2024-05-10T10:15:27
yrwa6994,615130,MALE,USER,1994-08-18,2024-05-10T18:45:19
ucuj6252,996647,FEMALE,USER,2005-04-03,2024-05-11T06:55:33
rtsn2418,894566,FEMALE,USER,2001-10-24,2024-05-11T14:06:22
qgoq1933,505463,MALE,USER,1996-06-16,2024-05-11T20:50:17
lzvw8594,248633,FEMALE,USER,2000-01-30,2024-05-12T03:29:44
drpl6576,414847,FEMALE,USER,1986-02-10,2024-05-12T12:48:11
isnb7610,208145,FEMALE,USER,2000-09-03,2024-05-12T17:55:59
oxny5257,271479,FEMALE,USER,1992-09-07,2024-05-13T11:59:47
msuh9397,570482,FEMALE,USER,2009-05-28,2024-05-13T17:38:53
aoop1215,171107,MALE,USER,1995-01-27,2024-05-14T06:32:45
yoxh5876,204966,FEMALE,USER,1997-09-01,2024-05-14T12:28:59
fljh4941,955984,FEMALE,USER,1996-08-01,2024-05-14T18:41:37
vrpz9240,913237,MALE,USER,1979-01-09,2024-05-15T05:47:12
jwyc2359,124060,FEMALE,USER,1998-02-11,2024-05-15T19:18:34
mkfb0464,399291,FEMALE,USER,1999-07-14,2024-05-16T18:30:51
ecqm6178,821364,FEMALE,USER,1999-03-14,2024-05-17T16:55:03
saic0148,096772,MALE,USER,2002-01-26,2024-05-18T06:08:35
ugcs4834,872368,FEMALE,USER,1995-11-29,2024-05-18T14:30:04
tsix2366,678923,FEMALE,USER,1986-04-25,2024-05-18T19:45:51
uzte3966,224662,FEMALE,USER,1987-01-12,2024-05-19T02:58:24
mnuo2457,812901,MALE,USER,1996-05-10,2024-05-19T12:05:43
pusi4436,423838,FEMALE,USER,1994-02-04,2024-05-19T16:23:16
hygp1852,364585,FEMALE,USER,1996-02-09,2024-05-20T14:01:09
ykkt1605,986814,MALE,USER,2010-12-27,2024-05-21T03:30:42
reib3560,661847,FEMALE,USER,1991-08-27,2024-05-21T11:07:25
swqk1344,300384,FEMALE,USER,1994-07-10,2024-05-22T06:59:11
syng1708,275567,MALE,USER,2001-09-19,2024-05-22T14:43:56
fkeo5986,566427,FEMALE,USER,1998-10-11,2024-05-23T03:24:02
nxtp4080,602094,MALE,USER,1997-07-19,2024-05-23T10:30:39
fcph1645,103371,FEMALE,USER,2008-10-06,2024-05-24T06:11:42
tjzm0896,227082,FEMALE,USER,2011-11-24,2024-05-24T14:37:50
xgfm7004,197202,FEMALE,USER,2001-06-15,2024-05-25T03:47:39
lggq1685,701638,FEMALE,USER,2001-12-19,2024-05-25T12:11:35
rrpu4298,517810,FEMALE,USER,1990-03-14,2024-05-26T07:56:01
vkad7870,468126,FEMALE,USER,2011-08-10,2024-05-26T13:34:29
gvfu4884,115878,FEMALE,USER,2005-04-06,2024-05-27T02:18:12
psnw6964,055968,MALE,USER,1990-10-15,2024-05-28T06:52:56
kefd9869,920371,FEMALE,USER,2011-10-29,2024-05-29T04:18:54
rfgc1030,194081,FEMALE,USER,1999-01-09,2024-05-29T10:41:23
yujd0898,823469,MALE,USER,1972-08-11,2024-05-29T18:30:25
rfui6594,762342,FEMALE,USER,2006-11-23,2024-05-30T05:32:09
udzk0948,161865,FEMALE,USER,1990-03-07,2024-05-30T12:03:44
kgva9187,337508,FEMALE,USER,2002-03-24,2024-05-31T06:16:43
mxrm3741,336378,FEMALE,USER,1997-07-23,2024-05-31T11:40:30
jnkd5402,030086,MALE,USER,1985-05-05,2024-06-01T12:30:18
xpcf7140,260167,MALE,USER,2009-03-05,2024-06-01T18:49:32
bhxh3749,160927,FEMALE,USER,2010-12-10,2024-06-02T03:18:41
kawa6559,110197,FEMALE,USER,1964-10-02,2024-06-02T11:02:27
nsle8547,717882,FEMALE,USER,1999-06-22,2024-06-02T16:34:57
zuam4810,122402,FEMALE,USER,2007-05-03,2024-06-03T07:42:08
crps8948,434871,FEMALE,USER,1996-09-07,2024-06-03T14:55:36
loms2382,790955,MALE,USER,1996-08-19,2024-06-03T19:17:50
qcpr0106,634925,FEMALE,USER,2010-11-17,2024-06-04T02:10:52
ttmf2046,438114,FEMALE,USER,2002-10-22,2024-06-04T10:32:29
ushv6710,950048,MALE,USER,2012-01-07,2024-06-04T17:23:18
tamg1145,889096,FEMALE,USER,2001-07-20,2024-06-05T05:12:37
cxty7815,985522,FEMALE,USER,1980-12-01,2024-06-05T13:20:58
elue9173,733375,MALE,USER,2009-12-28,2024-06-05T19:30:19
bypa7974,234453,FEMALE,USER,2004-12-17,2024-06-06T04:01:23
xbfz2866,971054,FEMALE,USER,2005-12-29,2024-06-06T12:22:49
fysp5697,366071,FEMALE,USER,1997-06-03,2024-06-06T17:48:45
aoml5050,209463,MALE,USER,1995-06-25,2024-06-07T03:17:52
pvzk3483,989416,FEMALE,USER,1991-10-08,2024-06-07T11:59:09
kkyh4984,970732,FEMALE,USER,2002-09-24,2024-06-07T19:12:40
yiti5202,240488,MALE,USER,1994-09-05,2024-06-08T06:33:42
fcde1792,870197,FEMALE,USER,2002-12-24,2024-06-08T14:56:33
nptz5688,156769,FEMALE,USER,1991-07-23,2024-06-09T05:47:18
ojth5817,534813,MALE,USER,2010-03-10,2024-06-09T13:14:02
rcnn0218,779445,FEMALE,USER,2011-05-09,2024-06-09T19:40:27
oplz3806,884419,FEMALE,USER,1996-05-12,2024-06-10T02:53:11
eubx9678,124568,FEMALE,USER,1995-03-27,2024-06-10T10:50:33
hfwz4795,713896,FEMALE,USER,2000-10-01,2024-06-10T17:38:44
opot0932,253397,MALE,USER,2004-11-19,2024-06-11T06:21:26
palb9323,242385,FEMALE,USER,1998-05-26,2024-06-11T12:57:18
ssut3714,669889,FEMALE,USER,1975-12-30,2024-06-11T18:45:37
dbzc5383,523490,FEMALE,USER,1972-01-17,2024-06-12T04:36:14
clpx1100,483571,FEMALE,USER,2011-11-10,2024-06-12T13:19:25
fsbj9986,931094,MALE,USER,1995-05-10,2024-06-13T02:05:33
uuzw5858,384205,FEMALE,USER,2010-11-13,2024-06-13T09:52:17
tuue2079,524868,FEMALE,USER,2002-08-06,2024-06-13T17:29:02
evho8253,142772,MALE,USER,1987-04-10,2024-06-14T06:14:55
vlky8212,073027,FEMALE,USER,1986-06-26,2024-06-14T14:33:40
cvcr6981,645998,MALE,USER,1999-07-15,2024-06-14T19:05:19
tqnx6509,365818,FEMALE,USER,2001-08-25,2024-06-14T19:18:20
ljsu1406,589753,FEMALE,USER,2002-11-26,2024-06-15T11:45:13
zlip3952,337791,FEMALE,USER,2000-05-31,2024-06-15T18:20:36
zkvm2495,025598,MALE,USER,1998-09-26,2024-06-16T07:33:45
vlgo3619,864425,FEMALE,USER,2012-09-17,2024-06-16T12:14:09
svxu7653,493638,OTHER,USER,1997-05-17,2024-06-16T18:50:50
ejgo6630,838455,FEMALE,USER,2007-12-22,2024-06-17T02:58:12
wnrh8914,706107,MALE,USER,2006-11-10,2024-06-17T11:13:23
dgbt4540,371333,FEMALE,USER,1996-10-23,2024-06-17T16:56:59
cvbx1213,922874,MALE,USER,2012-06-22,2024-06-18T03:28:05
kvcd3800,877821,FEMALE,USER,1998-10-05,2024-06-18T10:47:50
ngen4688,940571,MALE,USER,1991-07-01,2024-06-18T18:01:17
ahgo2471,516372,FEMALE,USER,1999-06-19,2024-06-19T07:55:30
jhgk9920,531273,FEMALE,USER,1995-09-16,2024-06-19T13:06:43
jzhl1837,138043,FEMALE,USER,1994-05-26,2024-06-20T06:02:42
lvvf9030,936554,FEMALE,USER,2008-06-17,2024-06-20T14:17:19
dlyr1284,157836,FEMALE,USER,2002-06-01,2024-06-20T06:59:01
pwkz8876,248343,MALE,USER,1998-03-01,2024-06-20T12:15:32
lkbf9125,801422,FEMALE,USER,2011-10-04,2024-06-20T06:59:01
uxpz5308,097279,FEMALE,USER,2000-03-14,2024-06-20T12:15:32
bqmr3338,369343,MALE,USER,1995-01-19,2024-06-20T19:09:41
pfwz3494,105103,FEMALE,USER,1992-11-21,2024-06-20T18:11:07
qdik6132,606511,MALE,USER,2000-07-29,2024-06-21T03:41:50
doyc7790,167124,FEMALE,USER,1997-12-13,2024-06-21T10:12:33
gwyj1772,477316,MALE,USER,2000-12-30,2024-06-21T17:24:02
duda3927,471390,FEMALE,USER,2012-12-15,2024-06-21T13:36:57
uecn2618,082722,FEMALE,USER,2002-04-14,2024-06-22T06:25:47
ytyq5423,232330,FEMALE,USER,2000-06-12,2024-06-22T13:58:06
xdrs2592,722253,FEMALE,USER,1970-05-24,2024-06-22T18:50:12
hqpj9902,320060,MALE,USER,2001-02-20,2024-06-23T02:45:32
kfhq3924,368569,FEMALE,USER,1987-04-25,2024-06-23T09:50:43
qktu5087,357132,FEMALE,USER,1990-05-20,2024-06-23T18:27:13
znck5602,831217,MALE,USER,2012-09-10,2024-06-23T11:37:08
lyzm7102,519069,FEMALE,USER,1998-04-15,2024-06-24T04:30:15
wvko4106,845623,FEMALE,USER,2000-01-10,2024-06-24T19:08:51
svnl5232,451358,MALE,USER,1996-01-31,2024-06-24T14:56:29
mthv6535,100831,FEMALE,USER,1970-06-25,2024-06-25T05:10:04
maxr4753,326063,FEMALE,USER,1990-10-02,2024-06-25T12:58:36
gjzq2521,440626,MALE,USER,1986-03-11,2024-06-26T10:42:38
wtks3512,496309,FEMALE,USER,1985-05-29,2024-06-26T16:53:29
sdku6294,463066,FEMALE,USER,1997-08-22,2024-06-26T11:40:20
zhea2429,912395,MALE,USER,1988-11-20,2024-06-27T07:02:23
zcem3635,974906,FEMALE,USER,1966-01-19,2024-06-27T18:28:41
fypv6382,944887,FEMALE,USER,2005-09-18,2024-06-27T20:11:08
trss6127,755883,MALE,USER,2011-12-13,2024-06-28T06:17:45
wuex6922,503022,FEMALE,USER,1986-10-01,2024-06-28T11:59:23
ugob3284,846496,FEMALE,USER,2010-09-07,2024-06-28T19:10:32
pntr5652,069122,MALE,USER,2009-12-10,2024-06-28T14:02:55
djqh4028,507610,FEMALE,USER,2012-01-02,2024-06-29T11:14:15
vswc2491,804481,FEMALE,USER,2001-09-02,2024-06-29T16:56:02
qnpf7007,713171,MALE,USER,2004-04-04,2024-06-29T09:22:44
szfg9829,810132,FEMALE,USER,1995-02-05,2024-06-30T04:09:27
cumq2919,732590,FEMALE,USER,1988-07-11,2024-06-30T12:33:29
juhz5609,154986,MALE,USER,1996-11-25,2024-06-30T19:44:01
zifr6517,917599,FEMALE,USER,2001-03-23,2024-06-30T08:59:10
twfq5983,439486,FEMALE,USER,1988-08-25,2024-07-01T02:15:32
csft6832,989853,MALE,USER,2007-06-10,2024-07-01T09:31:21
jqmi6480,982447,FEMALE,USER,2002-06-01,2024-07-01T13:45:14
rdnt4216,919303,FEMALE,USER,2002-05-21,2024-07-01T17:20:49
cmcj7661,783832,MALE,USER,1999-10-01,2024-07-01T20:55:35
dwmp4485,563048,FEMALE,USER,1997-07-05,2024-07-02T03:41:07
jdst8476,050893,FEMALE,USER,2004-04-19,2024-07-02T08:53:25
tloy6261,268155,MALE,USER,1997-09-24,2024-07-02T14:10:38
igog5208,435896,FEMALE,USER,1998-04-15,2024-07-02T18:27:52
jaem3957,093976,FEMALE,USER,2008-08-06,2024-07-03T16:42:17
gqqj3209,949445,FEMALE,USER,2002-01-03,2024-07-03T19:15:50
nkaf0085,199835,FEMALE,USER,2010-12-31,2024-07-04T06:22:47
mskh3812,607360,FEMALE,USER,2011-02-13,2024-07-04T10:45:09
ydpb2033,908024,MALE,USER,2008-03-30,2024-07-04T12:58:32
coqw0349,584168,FEMALE,USER,1994-02-27,2024-07-04T14:35:24
kvpc8475,050345,FEMALE,USER,1988-05-05,2024-07-04T19:52:40
bbph9490,765601,MALE,USER,2008-06-02,2024-07-05T07:10:30
kjun9051,425379,FEMALE,USER,2000-01-27,2024-07-05T09:55:16
idhk6705,785340,FEMALE,USER,2001-10-23,2024-07-05T15:47:29
jloi8119,728162,FEMALE,USER,1995-03-28,2024-07-06T08:43:19
tqdp5180,476479,MALE,USER,2006-09-11,2024-07-06T10:29:15
hhma5018,258480,FEMALE,USER,2000-04-25,2024-07-06T15:22:11
bbiz1858,214189,FEMALE,USER,2012-12-23,2024-07-06T19:41:04
zzbn8908,054316,FEMALE,USER,1969-11-06,2024-07-07T02:59:48
zalw8853,040772,MALE,USER,1988-12-13,2024-07-07T06:13:36
zzis9181,688108,FEMALE,USER,1989-11-24,2024-07-07T12:11:14
sorl7823,431083,FEMALE,USER,2004-05-11,2024-07-07T15:09:55
eorm9314,747487,MALE,USER,2005-12-02,2024-07-07T18:39:09
xwft7360,900025,FEMALE,USER,2002-03-25,2024-07-08T10:33:47
dsux2172,365325,FEMALE,USER,1981-11-23,2024-07-08T14:12:32
jtvq3643,912597,MALE,USER,1990-12-11,2024-07-09T02:45:28
hbpk8385,648117,FEMALE,USER,2004-09-26,2024-07-09T09:25:16
bojv0895,232232,MALE,USER,2002-11-04,2024-07-09T11:25:36
itpa6682,322483,FEMALE,USER,2002-12-29,2024-07-09T13:58:42
tidq1389,256886,FEMALE,USER,1998-07-06,2024-07-10T07:14:35
piez2060,450176,FEMALE,USER,1995-05-06,2024-07-10T12:50:11
xmwa0012,592771,FEMALE,USER,2006-05-02,2024-07-10T15:32:50
haze4591,632221,FEMALE,USER,1969-12-15,2024-07-11T03:45:19
gapc4199,362096,FEMALE,USER,1999-08-08,2024-07-11T08:57:43
ylad7527,724062,FEMALE,USER,1998-10-25,2024-07-11T13:47:08
zpjc5123,710949,MALE,USER,2000-10-11,2024-07-11T17:30:01
ybfi8878,482074,FEMALE,USER,1985-12-10,2024-07-12T04:21:55
bscj7170,279888,FEMALE,USER,2000-10-09,2024-07-12T11:25:40
qcau5909,235032,MALE,USER,1991-06-21,2024-07-12T16:19:47
ldzy3732,722905,FEMALE,USER,1986-07-28,2024-07-13T09:55:22
hrbt9472,863346,FEMALE,USER,1999-09-07,2024-07-13T12:02:08
kbgs0348,239590,FEMALE,USER,2007-08-02,2024-07-13T14:14:30
gvqg9646,932613,FEMALE,USER,1995-09-26,2024-07-13T16:58:39
fiuq0184,425812,MALE,USER,1991-03-03,2024-07-14T07:33:18
mdth4601,917307,MALE,USER,2002-08-26,2024-07-14T13:17:25
ctdr4849,166403,FEMALE,USER,2000-10-06,2024-07-15T06:52:19
bngh0600,620679,FEMALE,USER,1996-12-25,2024-07-16T03:11:33
ahzj6487,256667,FEMALE,USER,1989-10-14,2024-07-16T09:40:52
eapg4013,431972,FEMALE,USER,1997-09-14,2024-07-16T14:51:25
yqrm6328,941508,FEMALE,USER,2002-11-20,2024-07-16T17:32:44
cdld6847,932342,MALE,USER,1998-07-25,2024-07-17T12:44:12
pipa3306,863534,FEMALE,USER,2002-06-11,2024-07-18T07:37:28
lwlc7626,679272,FEMALE,USER,2009-09-14,2024-07-18T12:20:46
wmro4127,284909,MALE,USER,1984-03-22,2024-07-18T16:19:50
xlpz4316,881610,FEMALE,USER,1996-05-16,2024-07-18T19:10:53
hutx0577,197775,FEMALE,USER,1997-09-06,2024-07-19T04:50:07
glcr5981,894111,MALE,USER,2007-07-09,2024-07-19T10:15:29
eltb9399,656069,FEMALE,USER,1995-04-20,2024-07-19T13:34:22
vvzp3951,338481,FEMALE,USER,1995-03-27,2024-07-19T17:50:18
rtfi3041,735165,FEMALE,USER,2011-03-09,2024-07-20T06:42:56
ggch2034,187266,MALE,USER,1994-02-10,2024-07-20T14:58:45
lmpj7736,037770,FEMALE,USER,1997-05-04,2024-07-21T05:11:23
skog4136,425253,FEMALE,USER,2002-02-05,2024-07-21T08:52:40
suqt8021,498790,MALE,USER,2001-01-08,2024-07-21T12:51:50
ymxz0902,074139,FEMALE,USER,2008-12-28,2024-07-21T19:23:07
zmvv0750,104208,FEMALE,USER,2010-01-25,2024-07-22T09:11:45
wlyo2175,792788,MALE,USER,2009-01-19,2024-07-22T13:40:33
tcye9176,293729,FEMALE,USER,2001-10-05,2024-07-22T18:26:59
skkl2805,229468,FEMALE,USER,1991-12-01,2024-07-23T12:01:55
iqwv3786,242828,FEMALE,USER,1970-06-26,2024-07-23T15:24:10
sbpr7605,198647,FEMALE,USER,1990-07-14,2024-07-23T19:45:44
ycps0628,581304,MALE,USER,1978-07-09,2024-07-24T02:14:17
cbrp3519,568126,OTHER,USER,1998-08-11,2024-07-24T07:37:06
utno6992,886811,FEMALE,USER,2001-04-07,2024-07-24T14:34:41
znos3419,062716,FEMALE,USER,2010-03-12,2024-07-25T07:26:51
iuiw7059,891498,FEMALE,USER,1998-07-23,2024-07-25T11:52:25
lnph8389,282927,MALE,USER,1990-04-12,2024-07-25T13:40:31
vcey5483,002474,FEMALE,USER,1979-12-16,2024-07-25T18:55:23
kfja0482,021851,FEMALE,USER,1989-01-16,2024-07-26T12:10:29
bkyh2050,192967,MALE,USER,2007-03-05,2024-07-26T17:15:10
glzh2672,509662,FEMALE,USER,1994-05-30,2024-07-26T19:35:50
tbjn2517,518066,MALE,USER,1981-08-26,2024-07-27T02:17:54
sjxh2414,279238,FEMALE,USER,1991-02-28,2024-07-27T06:35:25
bvnb9091,378641,FEMALE,USER,2012-10-22,2024-07-27T12:14:35
owli3491,909912,FEMALE,USER,1966-10-05,2024-07-27T18:23:32
obpu7178,276322,MALE,USER,1998-07-26,2024-07-28T05:01:02
mjdd4089,760651,FEMALE,USER,2002-02-12,2024-07-28T08:53:20
ygdu3980,898403,FEMALE,USER,2002-06-09,2024-07-29T02:34:10
pqjr0520,290509,OTHER,USER,2008-03-14,2024-07-29T10:11:42
smha2489,466355,MALE,USER,1967-12-06,2024-07-29T18:17:59
xxsu1741,526701,FEMALE,USER,2010-09-13,2024-07-30T06:22:01
lenq4998,594342,MALE,USER,2012-10-01,2024-07-30T19:38:56
pnfd2995,242575,FEMALE,USER,1989-06-23,2024-07-31T09:12:48
hbah3388,901300,MALE,USER,2000-04-16,2024-07-31T12:59:01
sqgz6107,251759,FEMALE,USER,2010-05-17,2024-07-31T18:26:49
itcd0404,904020,FEMALE,USER,1999-10-14,2024-08-01T02:11:37
dsne3627,025184,FEMALE,USER,1997-12-31,2024-08-01T06:29:47
ssbm7823,058915,FEMALE,USER,2008-07-18,2024-08-01T12:15:39
orcw6388,539410,FEMALE,USER,2009-10-30,2024-08-02T09:32:50
nncf8275,533224,MALE,USER,1999-04-15,2024-08-02T12:54:31
xfza0545,294531,FEMALE,USER,1975-07-26,2024-08-02T15:10:22
njtg1795,188320,FEMALE,USER,1990-08-21,2024-08-03T07:17:22
dtqo2519,426333,OTHER,USER,1994-04-02,2024-08-03T10:42:35
sepc8441,536972,FEMALE,USER,2012-01-13,2024-08-03T14:57:03
grbr6775,039028,MALE,USER,2008-01-03,2024-08-03T19:30:28
kucd9972,926661,FEMALE,USER,1989-02-15,2024-08-04T08:21:14
uiic0011,610083,MALE,USER,1998-02-28,2024-08-04T11:40:25
qjeb8028,822606,FEMALE,USER,1999-07-24,2024-08-05T10:17:55
uset5238,280128,FEMALE,USER,2007-01-20,2024-08-05T14:38:42
fela9918,420050,FEMALE,USER,1986-10-18,2024-08-06T13:16:25
wnaz0503,308614,MALE,USER,1994-01-24,2024-08-06T20:35:12
gmpg7828,895998,FEMALE,USER,2007-07-22,2024-08-07T14:47:11
kiqd1883,458906,FEMALE,USER,1997-05-19,2024-08-07T18:22:55
tjrw0909,271940,FEMALE,USER,2001-05-13,2024-08-08T02:12:42
ialk6147,688545,MALE,USER,1998-08-02,2024-08-08T06:34:50
zpem3949,106371,FEMALE,USER,2005-08-08,2024-08-08T10:59:38
brxq5099,610432,FEMALE,USER,2001-02-01,2024-08-09T07:24:03
ojeu8699,099616,FEMALE,USER,2001-11-03,2024-08-09T11:31:28
tcrj1588,383761,MALE,USER,2001-02-16,2024-08-09T14:06:55
blat9885,632466,FEMALE,USER,2005-08-15,2024-08-10T19:20:36
fjea1116,525565,FEMALE,USER,2000-07-07,2024-08-11T03:17:47
rmvu4184,538370,FEMALE,USER,1967-03-09,2024-08-11T06:40:50
fqcr8080,802259,FEMALE,USER,2012-10-01,2024-08-11T11:31:28
hrac9024,382330,FEMALE,USER,1984-12-17,2024-08-12T09:02:15
mjfb0889,543148,MALE,USER,2001-08-22,2024-08-12T12:33:54
aifc1545,165865,FEMALE,USER,2006-08-11,2024-08-12T16:21:05
lweg9684,027869,FEMALE,USER,1989-01-06,2024-08-12T20:42:19
evdu8620,289910,MALE,USER,2007-03-02,2024-08-13T11:57:40
bytf2582,069159,FEMALE,USER,2000-11-23,2024-08-13T15:21:19
vtem3853,632910,FEMALE,USER,1998-08-29,2024-08-14T02:31:14
qife7499,390396,MALE,USER,2000-07-25,2024-08-14T17:01:00
yjmm8834,369040,FEMALE,USER,1996-01-20,2024-08-15T06:52:29
ptjf9174,383452,FEMALE,USER,2011-10-20,2024-08-15T09:32:19
eiuh3983,369830,FEMALE,USER,2006-05-19,2024-08-15T14:11:43
wekl8909,822868,MALE,USER,1995-07-26,2024-08-16T14:02:47
hyqw6698,450229,FEMALE,USER,2012-01-29,2024-08-16T19:19:11
rrlf2443,246740,FEMALE,USER,2001-04-21,2024-08-17T08:11:04
zgxl7504,753034,MALE,USER,2001-11-18,2024-08-17T11:37:29
bqmo0133,026877,FEMALE,USER,1999-09-18,2024-08-17T16:40:01
ulfu6827,363652,FEMALE,USER,1992-03-30,2024-08-18T03:09:33
ztaa7790,138014,MALE,USER,2006-08-22,2024-08-18T07:42:45
uejo5047,325079,FEMALE,USER,2004-03-17,2024-08-18T11:10:50
ytcx8621,813296,FEMALE,USER,1996-07-15,2024-08-19T06:24:42
htpv9729,325269,FEMALE,USER,2007-04-06,2024-08-19T10:21:56
rixh8006,569510,FEMALE,USER,1997-12-11,2024-08-19T13:49:36
epne4205,843957,MALE,USER,2012-12-19,2024-08-19T17:02:22
krur9637,365807,FEMALE,USER,2011-12-02,2024-08-20T02:12:40
pmsr7051,419558,FEMALE,USER,1994-07-22,2024-08-20T05:38:55
veuv2407,658993,FEMALE,USER,1978-08-06,2024-08-20T09:23:21
qbze7543,583733,FEMALE,USER,1997-08-29,2024-08-21T07:11:19
zkha7197,098969,MALE,USER,2004-01-14,2024-08-21T12:55:10
ycdp9043,656163,FEMALE,USER,2010-11-20,2024-08-21T17:30:45
olbf9324,846633,FEMALE,USER,2006-10-09,2024-08-22T04:55:20
jukk3736,660914,MALE,USER,1992-04-20,2024-08-22T08:18:10
yksp9517,957265,FEMALE,USER,1992-06-27,2024-08-22T12:51:40
wqlj3354,296648,MALE,USER,2011-01-22,2024-08-23T18:15:21
baqz5139,759366,FEMALE,USER,1994-01-28,2024-08-24T03:14:32
bbjb8798,600359,FEMALE,USER,2009-05-21,2024-08-24T08:29:41
cqin3751,236343,FEMALE,USER,1990-12-06,2024-08-24T14:59:09
qvwq7082,903799,MALE,USER,1998-12-13,2024-08-25T09:14:48
lbde1883,079971,FEMALE,USER,2011-05-27,2024-08-25T12:58:20
mpil2974,766613,OTHER,USER,2010-01-31,2024-08-25T17:11:37
gwzx2989,820756,FEMALE,USER,1987-05-11,2024-08-26T02:13:11
dide8396,522409,MALE,USER,1995-05-20,2024-08-26T07:38:29
kyrr8552,156054,FEMALE,USER,2010-03-03,2024-08-26T11:23:15
cbhu9159,691666,MALE,USER,2005-04-08,2024-08-27T06:41:55
mchk3852,674081,FEMALE,USER,1971-09-19,2024-08-28T04:05:49
vtux0614,417854,MALE,USER,2001-05-15,2024-08-28T09:43:37
hrcs1546,699277,FEMALE,USER,2009-06-12,2024-08-28T14:21:51
yozq2333,378463,FEMALE,USER,1984-01-27,2024-08-28T17:51:13
uwct6519,957061,FEMALE,USER,1998-04-26,2024-08-29T03:09:13
dget5744,233135,FEMALE,USER,1985-12-18,2024-08-23T13:28:45
armh0349,731389,FEMALE,USER,1990-07-03,2024-08-29T06:27:19
etia4076,432382,MALE,USER,1968-05-09,2024-08-29T11:55:08
peha5315,960082,FEMALE,USER,1984-04-23,2024-08-30T17:20:40
chrz4417,569836,FEMALE,USER,1989-01-25,2024-08-31T06:41:30
tznd8908,866003,MALE,USER,2000-04-20,2024-08-31T10:20:59
zlmt9799,277530,FEMALE,USER,1990-10-18,2024-09-01T03:12:05
sepe0533,673498,MALE,USER,1994-10-06,2024-09-01T08:29:41
zmwi5075,096517,FEMALE,USER,1998-04-03,2024-09-01T12:33:19
pzsb1515,256200,MALE,USER,1987-01-14,2024-09-02T13:52:04
vrzs1928,521616,FEMALE,USER,1999-05-28,2024-09-03T07:23:46
uoum8556,068213,FEMALE,USER,1995-03-28,2024-09-03T11:47:58
igtr1910,722352,FEMALE,USER,1989-07-11,2024-09-03T16:11:42
kjpi0352,501969,FEMALE,USER,1994-11-25,2024-09-04T12:56:24
qyzc3921,063415,MALE,USER,1996-11-15,2024-09-05T05:22:14
zutc4394,133398,FEMALE,USER,2010-05-03,2024-09-05T08:31:05
tzzz4653,172890,FEMALE,USER,1990-03-20,2024-09-05T11:47:02
ujgc1725,967442,MALE,USER,2000-12-13,2024-09-06T04:20:39
vywq3553,408419,FEMALE,USER,2004-04-04,2024-09-06T08:14:25
gaqr0586,969480,FEMALE,USER,1995-02-04,2024-09-06T13:30:47
nksf2080,142980,MALE,USER,1997-04-26,2024-09-07T06:29:55
zrwx5715,362223,FEMALE,USER,2009-04-03,2024-09-07T10:01:43
vuct7495,173523,FEMALE,USER,1995-04-13,2024-09-07T15:15:04
zzqu5120,696308,MALE,USER,1995-06-10,2024-09-08T02:42:18
ytng6848,745587,FEMALE,USER,1986-02-07,2024-09-08T06:33:02
qfsc7545,659107,FEMALE,USER,2012-08-14,2024-09-08T11:14:49
eimv3411,070914,MALE,USER,1987-01-05,2024-09-08T14:55:08
hldc3995,543951,FEMALE,USER,1992-10-11,2024-09-09T05:58:45
rzll8033,288484,FEMALE,USER,2012-01-11,2024-09-09T09:17:32
estk6171,974113,MALE,USER,2008-10-27,2024-09-09T13:20:40
gdne1210,659406,FEMALE,USER,2008-01-08,2024-09-10T03:52:01
xuam2120,597934,FEMALE,USER,2004-02-11,2024-09-10T12:50:30
pckk3829,359659,MALE,USER,1999-12-26,2024-09-11T14:12:05
ikgx4576,319654,FEMALE,USER,2006-01-28,2024-09-12T07:31:59
zhco8343,127779,FEMALE,USER,1997-03-02,2024-09-12T10:56:32
ajqk2146,746069,MALE,USER,1988-10-03,2024-09-12T14:39:48
nvlo1708,437639,FEMALE,USER,2001-03-19,2024-09-13T06:42:23
iwbi0044,400832,FEMALE,USER,1996-03-25,2024-09-13T10:18:59
cxle5922,339484,MALE,USER,1989-11-01,2024-09-13T13:56:07
pwcv8962,746917,FEMALE,USER,1997-08-10,2024-09-14T05:28:04
ymsu0003,424180,FEMALE,USER,1999-05-11,2024-09-15T11:24:57
yitv5944,708257,MALE,USER,1987-09-19,2024-09-15T15:04:06
lqcv4849,430065,FEMALE,USER,1999-09-30,2024-09-16T03:14:41
gxza4834,297681,FEMALE,USER,1995-08-18,2024-09-16T07:42:13
pcls5196,844381,MALE,USER,1996-05-10,2024-09-16T11:52:18
odup7733,027734,FEMALE,USER,2006-09-19,2024-09-17T02:33:09
yzkm1983,223056,FEMALE,USER,2002-07-21,2024-09-17T07:12:48
dpbm3107,465505,MALE,USER,1994-04-13,2024-09-17T12:02:59
akpd6514,629570,FEMALE,USER,2007-06-25,2024-09-18T10:25:43
nuts6120,225785,FEMALE,USER,2000-11-12,2024-09-18T14:39:22
klux4541,669157,FEMALE,USER,1988-02-28,2024-09-19T02:45:59
dkbn4521,419567,FEMALE,USER,2002-03-04,2024-09-19T06:51:11
cuua0928,867974,FEMALE,USER,2010-07-21,2024-09-20T01:08:44
awqc6518,041105,MALE,USER,1991-04-16,2024-09-20T07:09:29
hqno2366,863870,FEMALE,USER,1998-10-22,2024-09-21T11:55:19
zhvv9229,028097,FEMALE,USER,2011-09-05,2024-09-22T01:34:50
lpyr5644,765861,MALE,USER,1997-08-10,2024-09-22T09:18:41
nvdx2140,647540,FEMALE,USER,1998-05-09,2024-09-22T13:04:30
wlkp4830,552741,FEMALE,USER,2006-05-30,2024-09-23T05:25:52
hkje1045,098152,FEMALE,USER,1994-10-17,2024-09-23T08:56:07
rtwr4817,046523,MALE,USER,1999-11-25,2024-09-23T12:33:10
vyzd1673,636335,FEMALE,USER,2000-01-20,2024-09-24T11:52:06
rzvn5324,702899,FEMALE,USER,1998-01-16,2024-09-25T07:18:33
byhl7604,755649,FEMALE,USER,2011-07-09,2024-09-25T12:42:52
rfjq4759,769049,MALE,USER,1994-05-05,2024-09-26T09:12:57
rdty2556,539079,FEMALE,USER,1994-08-24,2024-09-26T14:35:23
aocq2962,986295,FEMALE,USER,1998-11-23,2024-09-27T04:30:41
jsde1772,019735,MALE,USER,2006-04-10,2024-09-24T06:07:21
hfmf1954,365551,FEMALE,USER,1998-12-06,2024-09-27T10:59:02
voyo1544,740276,FEMALE,USER,2006-06-27,2024-09-27T14:43:14
aqbo6258,618645,MALE,USER,1991-05-08,2024-09-28T05:18:37
ship3774,087490,FEMALE,USER,2007-06-23,2024-09-28T09:24:43
eyyl7943,947543,MALE,USER,1984-04-25,2024-09-28T13:44:25
codj4027,389611,FEMALE,USER,1997-09-29,2024-09-29T02:51:39
vqgv0218,577704,FEMALE,USER,2004-04-04,2024-09-29T08:44:32
nvdl8241,589880,FEMALE,USER,1999-09-13,2024-09-29T13:05:21
eyzr7673,651798,FEMALE,USER,1999-09-13,2024-09-30T08:05:56
imjd4425,812225,FEMALE,USER,1994-08-20,2024-09-30T12:18:03
lems3886,950703,FEMALE,USER,1995-04-01,2024-10-01T02:19:16
tmhi7731,403150,FEMALE,USER,2005-10-18,2024-10-02T03:55:11
fdtx9042,027811,MALE,USER,1976-05-19,2024-10-02T07:43:49
mukf3108,348252,FEMALE,USER,1994-09-25,2024-10-02T10:35:22
mbtf0532,115736,FEMALE,USER,2000-07-09,2024-10-02T14:18:11
mnkg9149,293861,MALE,USER,2009-12-30,2024-10-03T04:47:55
tgnv8127,363031,FEMALE,USER,2004-06-26,2024-10-03T08:02:01
vqpo4045,447896,FEMALE,USER,2002-08-01,2024-10-03T11:39:33
unhb2525,042491,FEMALE,USER,2001-09-28,2024-10-04T02:52:25
dpjc3556,967084,FEMALE,USER,2011-09-06,2024-10-04T05:48:11
kjfi0953,180791,MALE,USER,1999-12-26,2024-10-04T08:15:49
zceg4737,452437,MALE,USER,1994-12-21,2024-10-05T04:04:12
newf3631,502020,FEMALE,USER,1999-01-31,2024-10-05T12:25:45
fycb4995,129979,FEMALE,USER,2008-07-02,2024-10-06T01:20:42
xypm9675,277806,FEMALE,USER,1999-12-08,2024-10-06T05:46:38
nyhg3801,466572,FEMALE,USER,2001-04-28,2024-10-06T10:59:53
frnl4716,678443,FEMALE,USER,1991-09-24,2024-10-07T04:01:17
jwgp7233,738679,MALE,USER,1990-08-08,2024-10-07T07:38:49
sgsz4376,778860,FEMALE,USER,2009-02-13,2024-10-07T11:18:29
ygry5493,374371,FEMALE,USER,2001-04-10,2024-10-08T09:12:14
hstj1951,384141,MALE,USER,1995-07-27,2024-10-09T01:33:38
cfln3949,187776,FEMALE,USER,1999-07-22,2024-10-09T05:45:59
wnfd4503,878139,FEMALE,USER,1984-09-11,2024-10-10T04:13:22
tiot7761,175415,MALE,USER,1994-06-04,2024-10-10T07:59:51
fskd5313,617993,FEMALE,USER,1977-03-19,2024-10-11T08:10:37
qauy8755,372199,FEMALE,USER,1985-07-31,2024-10-11T11:56:19
tljq0718,602590,FEMALE,USER,1998-02-25,2024-10-12T02:30:42
kcle6024,251345,MALE,USER,2004-08-06,2024-10-12T06:18:14
bozs2963,735037,FEMALE,USER,2006-03-20,2024-10-13T01:55:22
xdbt7575,504172,FEMALE,USER,2001-02-05,2024-10-14T08:06:39
epmc3041,073771,MALE,USER,1994-04-05,2024-10-14T12:25:12
jmhs6352,105989,FEMALE,USER,1976-08-07,2024-10-15T05:08:13
jmqg0699,052359,FEMALE,USER,2010-02-19,2024-10-15T08:21:49
gupl0422,085265,MALE,USER,2012-11-14,2024-10-16T02:43:58
ydgc6153,273548,FEMALE,USER,1997-08-14,2024-10-16T07:29:22
nbdy1873,689631,FEMALE,USER,2006-05-15,2024-10-17T08:56:54
mqnx6492,523437,FEMALE,USER,1999-07-02,2024-10-17T11:44:47
fcsi5078,529913,FEMALE,USER,1996-09-04,2024-10-18T03:17:51
joni6862,576451,MALE,USER,2001-08-16,2024-10-18T12:04:39
kolp0714,632498,OTHER,USER,2012-06-05,2024-10-19T08:30:27
ehnq0617,775556,FEMALE,USER,2000-08-17,2024-10-19T11:41:13
chst0318,653100,FEMALE,USER,1994-04-19,2024-10-20T02:23:08
ypby7863,211484,FEMALE,USER,2000-10-09,2024-10-20T06:05:50
kemo5726,843574,MALE,USER,2004-05-09,2024-10-20T09:11:18
zyuu0349,024873,FEMALE,USER,2005-09-18,2024-10-22T05:18:14
ruhg8971,480925,FEMALE,USER,1985-03-11,2024-10-22T09:06:48
pgca6901,521504,MALE,USER,2000-01-16,2024-10-22T11:33:59
bzrm0106,754395,FEMALE,USER,1994-10-03,2024-10-23T03:35:59
vupu4756,651367,MALE,USER,1998-04-19,2024-10-23T07:45:11
wnih7508,677065,FEMALE,USER,1998-10-13,2024-10-23T10:54:43
aesv7489,235669,FEMALE,USER,1999-04-26,2024-10-24T10:38:25
cubb0664,525980,FEMALE,USER,2009-03-05,2024-10-25T04:51:09
xwqv1455,547543,MALE,USER,1995-02-26,2024-10-25T07:30:18
mhwd4947,630484,FEMALE,USER,2012-06-29,2024-10-26T02:47:14
rfic9838,591600,FEMALE,USER,1965-06-17,2024-10-27T11:27:04
wlfy9590,744411,OTHER,USER,1990-08-05,2024-10-28T03:44:12
grph9734,183742,MALE,USER,2011-05-27,2024-10-28T08:28:43
fyaw4248,092749,FEMALE,USER,2002-02-04,2024-10-28T11:45:17
mwci2462,967881,MALE,USER,2012-11-07,2024-10-29T02:13:06
vjek8121,199432,FEMALE,USER,1987-05-16,2024-10-29T11:03:52
itcx2256,827624,MALE,USER,2009-12-26,2024-10-30T04:22:03
hytm6227,365260,FEMALE,USER,2004-10-04,2024-10-30T11:56:37
zahv7367,002141,FEMALE,USER,1999-10-27,2024-10-31T01:57:23
rero8635,442050,FEMALE,USER,1997-06-12,2024-11-01T01:58:35
noaw1195,404378,FEMALE,USER,1996-11-08,2024-11-01T06:24:16
keet2002,744769,FEMALE,USER,2002-11-04,2024-11-01T10:12:42
cpcw3643,044842,MALE,USER,1997-09-27,2024-11-02T02:43:59
cdzp0150,144849,FEMALE,USER,2006-02-28,2024-11-02T07:55:20
rujc2433,449499,FEMALE,USER,2004-06-01,2024-11-02T11:09:34
mdii8454,838819,OTHER,USER,1998-01-08,2024-11-03T04:11:26
odsr8520,272629,FEMALE,USER,1999-09-05,2024-11-03T09:45:11
pukm0423,410991,MALE,USER,2010-05-05,2024-11-03T13:37:43
smsk6394,026956,FEMALE,USER,2000-06-10,2024-11-04T03:17:57
nqns2537,142322,MALE,USER,1998-05-13,2024-11-04T08:19:50
oatv9041,071204,FEMALE,USER,1988-10-26,2024-11-04T12:59:39
cljt5953,653713,FEMALE,USER,1994-06-28,2024-11-05T01:36:28
utwk4121,137426,FEMALE,USER,1997-12-30,2024-11-06T08:21:04
poso8584,723973,MALE,USER,1995-07-14,2024-11-06T11:49:22
qiwn8325,647693,FEMALE,USER,2002-02-10,2024-11-07T02:52:27
gijk3512,364637,FEMALE,USER,2011-10-23,2024-11-07T07:34:31
zlhh5414,639984,FEMALE,USER,2001-09-13,2024-11-07T12:13:05
znbl9415,552790,MALE,USER,1998-03-04,2024-11-08T03:25:13
idfj8626,844196,FEMALE,USER,1996-10-22,2024-11-09T01:11:08
pplj5563,237007,FEMALE,USER,1998-07-24,2024-11-10T10:13:51
cwcf5448,898637,FEMALE,USER,1984-11-26,2024-11-11T04:32:22
zros9468,679936,MALE,USER,2000-01-17,2024-11-11T08:21:11
bifx1168,234274,FEMALE,USER,2000-09-07,2024-11-11T12:58:43
nwlv3435,440883,FEMALE,USER,1979-02-02,2024-11-12T03:44:59
bqwb8607,237042,FEMALE,USER,2009-08-17,2024-11-12T07:25:12
ohra3430,775375,FEMALE,USER,1995-05-01,2024-11-12T10:19:07
ettu1177,193194,MALE,USER,1996-01-19,2024-11-13T02:14:39
pbiu9152,987715,FEMALE,USER,1997-10-14,2024-11-13T07:37:24
jvjt8291,664443,FEMALE,USER,1989-03-30,2024-11-13T11:54:57
eors7774,586255,OTHER,USER,1994-06-13,2024-11-14T03:45:10
oldm5814,821341,FEMALE,USER,2001-05-23,2024-11-14T08:55:21
ntng4589,396925,MALE,USER,2009-03-03,2024-11-14T12:33:57
upei3150,248286,FEMALE,USER,1991-04-03,2024-11-15T01:42:11
nvua3358,440405,MALE,USER,2001-11-25,2024-11-15T06:39:44
cbqd0432,036112,FEMALE,USER,1999-04-27,2024-11-15T10:28:33
pgyc6436,869178,FEMALE,USER,1978-05-02,2024-11-16T02:23:04
uqjj4866,619558,FEMALE,USER,2009-06-22,2024-11-16T06:08:27
lyjf0767,877004,MALE,USER,2001-03-08,2024-11-17T08:44:02
pkkd3339,037713,FEMALE,USER,1997-11-10,2024-11-17T12:19:33
cqbg4796,204588,FEMALE,USER,1981-07-13,2024-11-19T04:42:10
twng5525,807754,FEMALE,USER,1998-05-14,2024-11-19T08:26:12
ayua7374,653647,MALE,USER,2001-07-02,2024-11-19T12:19:58
wmgt9217,582069,FEMALE,USER,2011-08-12,2024-11-20T03:18:41
qhdn1466,002167,MALE,USER,1982-02-10,2024-11-20T07:57:20
dehb9097,960317,FEMALE,USER,1996-11-05,2024-11-20T11:40:23
aqjz1167,509168,FEMALE,USER,1999-06-30,2024-11-21T01:51:42
vqxe1693,209964,FEMALE,USER,2001-06-11,2024-11-21T06:29:17
zmbr4204,486493,MALE,USER,1994-09-27,2024-11-23T06:10:49
hjyw3691,158799,FEMALE,USER,1997-04-05,2024-11-23T10:52:11
litg0562,539006,MALE,USER,1965-11-20,2024-11-24T03:39:35
rgux9771,379089,FEMALE,USER,1984-08-08,2024-11-26T02:50:19
gtwi6453,956814,FEMALE,USER,2000-12-05,2024-11-26T07:10:56
nlqm2863,026525,FEMALE,USER,2006-08-19,2024-11-26T11:29:21
qawd3277,752083,MALE,USER,2002-04-02,2024-11-27T04:19:40
jewf5235,315980,FEMALE,USER,2001-11-08,2024-11-27T08:57:58
odoc8195,911568,MALE,USER,1988-05-06,2024-11-27T12:18:50
kzzk3708,217664,FEMALE,USER,1992-07-31,2024-11-28T03:04:44
vhuq2710,676109,FEMALE,USER,2000-04-19,2024-11-29T11:45:30
cdmz5063,357361,FEMALE,USER,1997-09-02,2024-11-30T03:37:44
rtlt1758,426967,FEMALE,USER,1998-06-27,2024-11-30T08:18:39
yhxo1705,728001,MALE,USER,2006-07-19,2024-12-01T03:05:44
fimu3711,418264,FEMALE,USER,2000-12-29,2024-12-01T06:23:18
qbev8981,252520,MALE,USER,1985-09-01,2024-12-01T09:46:50
gfzn7012,151341,FEMALE,USER,2002-04-01,2024-12-02T11:14:43
dvvg3130,139125,FEMALE,USER,1994-10-25,2024-12-03T10:42:09
zhhu2163,403440,FEMALE,USER,2008-03-31,2024-12-03T06:34:12
lfcc4159,278864,FEMALE,USER,2000-09-19,2024-12-04T10:27:39
nzgs4207,389359,MALE,USER,1996-03-29,2024-12-05T06:05:41
fldm4351,344054,FEMALE,USER,1992-03-09,2024-12-05T10:30:57
pmgu7273,484293,MALE,USER,1996-03-30,2024-12-06T02:38:13
plst3106,882008,FEMALE,USER,1998-11-04,2024-12-06T10:12:06
hsyp8919,615240,FEMALE,USER,2006-07-17,2024-12-06T07:16:42
uwjh1615,972027,FEMALE,USER,2002-08-20,2024-12-07T10:23:47
uekb5944,922463,MALE,USER,1964-10-02,2024-12-08T09:10:50
jfjd0275,486826,FEMALE,USER,1974-01-03,2024-12-09T01:28:13
kgkl8465,934652,FEMALE,USER,1978-07-14,2024-12-09T05:16:22
tlpt9306,611689,MALE,USER,1988-08-02,2024-12-09T09:44:01
asoy1766,102917,FEMALE,USER,1996-02-24,2024-12-10T10:49:11
cdms3966,180905,FEMALE,USER,2009-11-14,2024-12-11T06:41:15
mkkp5950,630020,FEMALE,USER,2002-04-04,2024-12-11T10:02:56
pbiu9647,080260,FEMALE,USER,1988-11-11,2024-12-12T11:14:31
tklt4431,634826,FEMALE,USER,1975-04-14,2024-12-13T09:28:49
cmus7335,654722,FEMALE,USER,1978-06-16,2024-12-13T02:45:08
qsmr9601,932625,MALE,USER,1999-01-01,2024-12-14T10:56:38
mfxx5804,615386,FEMALE,USER,1994-07-07,2024-12-15T08:18:37
whfp0625,157376,FEMALE,USER,2001-11-16,2024-12-15T11:47:09
kzvn9325,311955,FEMALE,USER,1996-03-10,2024-12-16T10:56:49
rzod6964,849680,MALE,USER,1986-11-25,2024-12-16T05:30:12
kmrh5593,210451,FEMALE,USER,1994-03-24,2024-12-17T06:56:14
rcmh3829,462335,FEMALE,USER,2010-06-13,2024-12-18T02:18:33
dxzu7244,535030,MALE,USER,2006-10-19,2024-12-18T06:42:16
hdkh8672,571011,FEMALE,USER,1984-08-23,2024-12-19T07:22:34
npkb8013,587361,FEMALE,USER,1998-11-18,2024-12-20T07:58:09
voze1684,897303,FEMALE,USER,2011-11-08,2024-12-20T10:32:44
nplw5993,834093,FEMALE,USER,1979-05-03,2024-12-20T04:14:47
iwaw6513,083797,FEMALE,USER,1994-08-02,2024-12-20T07:58:09
qfpx3712,737582,FEMALE,USER,2009-12-13,2024-12-20T10:32:44
myjt8773,932735,MALE,USER,1985-09-09,2024-12-21T02:28:56
tsgx6241,322941,FEMALE,USER,1998-06-25,2024-12-21T06:48:22
czcr7346,314514,FEMALE,USER,2000-04-15,2024-12-21T10:15:18
ycde4013,447809,FEMALE,USER,2009-12-15,2024-12-22T01:56:25
pqwj4361,188390,MALE,USER,2002-02-23,2024-12-22T06:33:57
hjqc1043,446436,FEMALE,USER,1997-11-08,2024-12-22T09:39:47
wmci7467,598467,FEMALE,USER,1996-10-22,2024-12-23T03:47:16
xgzs1671,578347,MALE,USER,1979-02-07,2024-12-23T06:50:11
xdqr7863,537482,FEMALE,USER,1997-12-08,2024-12-23T10:15:37
yftt3454,070962,FEMALE,USER,2002-05-31,2024-12-23T11:47:16
sjnc5968,097553,FEMALE,USER,2000-08-22,2024-12-23T17:50:11
lnkb8165,757579,FEMALE,USER,1996-10-26,2024-12-23T19:15:37
hmap2236,069266,FEMALE,USER,1990-09-25,2024-12-24T02:25:02
esos3036,093254,FEMALE,USER,2006-08-31,2024-12-24T07:10:21
jjwe5313,560524,MALE,USER,1996-05-13,2024-12-24T10:53:49
bhif6026,457135,FEMALE,USER,2002-01-21,2024-12-24T11:25:02
nswh4274,338480,FEMALE,USER,1986-07-13,2024-12-25T07:52:45
btcg2780,220524,FEMALE,USER,1999-01-04,2024-12-25T10:36:03
ycqj9739,779963,MALE,USER,1998-09-26,2024-12-25T12:18:34
zuey6032,965797,FEMALE,USER,2004-05-08,2024-12-26T04:29:50
ksuj8715,172795,FEMALE,USER,1971-04-15,2024-12-26T08:11:26
jlnj7898,196966,FEMALE,USER,1986-03-20,2024-12-27T07:33:11
iqim8362,021506,MALE,USER,1985-05-26,2024-12-28T07:24:20
dkpi3793,405574,MALE,USER,2007-11-27,2024-12-29T06:42:14
flbh3100,351446,FEMALE,USER,1965-09-17,2024-12-29T09:30:42
mqkg1642,334101,FEMALE,USER,1991-05-01,2024-12-30T07:30:09
rwkk0859,244229,FEMALE,USER,2010-11-07,2024-12-30T10:02:56
decr4797,229920,FEMALE,USER,1995-09-16,2024-12-31T08:56:43
zjmk4764,683582,FEMALE,USER,2002-08-21,2024-12-31T02:18:10
